category,Opady w mm
1.12.2012,2.54
2.12.2012,0.25
3.12.2012,0.0
4.12.2012,2.79
5.12.2012,0.0
6.12.2012,0.0
7.12.2012,0.51
8.12.2012,0.0
9.12.2012,0.0
10.12.2012,0.51
11.12.2012,1.52
12.12.2012,4.06
13.12.2012,0.25
14.12.2012,0.0
15.12.2012,0.51
16.12.2012,6.86
17.12.2012,0.0
18.12.2012,0.0
19.12.2012,1.52
20.12.2012,0.0
21.12.2012,0.0
22.12.2012,0.0
23.12.2012,0.25
24.12.2012,4.83
25.12.2012,0.0
26.12.2012,0.0
27.12.2012,0.51
28.12.2012,0.0
29.12.2012,0.0
30.12.2012,0.0
31.12.2012,0.0
1.7.2012,2.03
2.7.2012,3.05
3.7.2012,0.0
4.7.2012,27.94
5.7.2012,
6.7.2012,18.29
7.7.2012,6.6
8.7.2012,0.0
9.7.2012,3.3
10.7.2012,0.76
11.7.2012,0.51
12.7.2012,0.0
13.7.2012,2.03
14.7.2012,5.84
15.7.2012,0.0
16.7.2012,0.0
17.7.2012,11.43
18.7.2012,0.0
19.7.2012,9.91
20.7.2012,3.05
21.7.2012,9.14
22.7.2012,1.02
23.7.2012,0.0
24.7.2012,0.0
25.7.2012,2.29
26.7.2012,0.0
27.7.2012,0.25
28.7.2012,0.0
29.7.2012,0.0
30.7.2012,0.0
31.7.2012,0.0
1.6.2012,6.6
2.6.2012,0.0
3.6.2012,1.02
4.6.2012,0.0
5.6.2012,21.84
6.6.2012,5.08
7.6.2012,0.0
8.6.2012,0.0
9.6.2012,8.13
10.6.2012,2.03
11.6.2012,20.07
12.6.2012,1.02
13.6.2012,2.79
14.6.2012,0.0
15.6.2012,0.0
16.6.2012,0.0
17.6.2012,0.0
18.6.2012,0.0
19.6.2012,
20.6.2012,0.0
21.6.2012,
22.6.2012,4.06
23.6.2012,0.0
24.6.2012,0.0
25.6.2012,5.08
26.6.2012,0.0
27.6.2012,0.0
28.6.2012,0.51
29.6.2012,0.0
30.6.2012,11.94
1.5.2012,1.02
2.5.2012,0.0
3.5.2012,5.08
4.5.2012,8.13
5.5.2012,0.0
6.5.2012,0.0
7.5.2012,5.84
8.5.2012,7.62
9.5.2012,0.0
10.5.2012,0.0
11.5.2012,0.0
12.5.2012,7.87
13.5.2012,4.06
14.5.2012,4.06
15.5.2012,1.52
16.5.2012,5.59
17.5.2012,31.5
18.5.2012,1.78
19.5.2012,0.0
20.5.2012,0.0
21.5.2012,0.0
22.5.2012,0.0
23.5.2012,4.06
24.5.2012,2.03
25.5.2012,0.0
26.5.2012,0.0
27.5.2012,0.0
28.5.2012,1.02
29.5.2012,0.0
30.5.2012,0.0
31.5.2012,0.0
1.11.2012,2.03
2.11.2012,2.54
3.11.2012,0.0
4.11.2012,0.0
5.11.2012,24.89
6.11.2012,1.02
7.11.2012,0.0
8.11.2012,0.51
9.11.2012,0.0
10.11.2012,2.54
11.11.2012,0.0
12.11.2012,3.05
13.11.2012,3.05
14.11.2012,0.0
15.11.2012,0.0
16.11.2012,0.0
17.11.2012,0.0
18.11.2012,0.0
19.11.2012,1.78
20.11.2012,0.0
21.11.2012,0.0
22.11.2012,0.51
23.11.2012,0.25
24.11.2012,0.25
25.11.2012,0.0
26.11.2012,0.0
27.11.2012,0.0
28.11.2012,0.0
29.11.2012,3.05
30.11.2012,0.76
1.2.2012,0.0
2.2.2012,0.0
3.2.2012,0.0
4.2.2012,2.03
5.2.2012,1.02
6.2.2012,0.51
7.2.2012,0.25
8.2.2012,0.0
9.2.2012,0.0
10.2.2012,0.25
11.2.2012,0.0
12.2.2012,0.0
13.2.2012,0.0
14.2.2012,0.0
15.2.2012,2.03
16.2.2012,11.68
17.2.2012,3.3
18.2.2012,7.62
19.2.2012,0.25
20.2.2012,0.51
21.2.2012,0.0
22.2.2012,0.0
23.2.2012,0.0
24.2.2012,0.51
25.2.2012,7.37
26.2.2012,0.0
27.2.2012,1.78
28.2.2012,2.03
29.2.2012,7.62
1.4.2012,7.87
2.4.2012,2.54
3.4.2012,0.0
4.4.2012,0.0
5.4.2012,3.05
6.4.2012,1.27
7.4.2012,1.02
8.4.2012,1.52
9.4.2012,0.51
10.4.2012,0.0
11.4.2012,0.0
12.4.2012,0.51
13.4.2012,0.0
14.4.2012,5.08
15.4.2012,11.18
16.4.2012,6.1
17.4.2012,7.62
18.4.2012,0.25
19.4.2012,0.0
20.4.2012,0.0
21.4.2012,3.05
22.4.2012,0.0
23.4.2012,3.05
24.4.2012,0.0
25.4.2012,10.92
26.4.2012,0.0
27.4.2012,0.0
28.4.2012,0.0
29.4.2012,0.0
30.4.2012,0.0
1.8.2012,0.0
2.8.2012,0.0
3.8.2012,23.11
4.8.2012,2.03
5.8.2012,1.02
6.8.2012,0.0
7.8.2012,0.51
8.8.2012,0.0
9.8.2012,0.0
10.8.2012,2.03
11.8.2012,11.94
12.8.2012,14.48
13.8.2012,0.0
14.8.2012,5.08
15.8.2012,0.0
16.8.2012,0.0
17.8.2012,0.25
18.8.2012,0.0
19.8.2012,0.0
20.8.2012,0.0
21.8.2012,0.0
22.8.2012,0.0
23.8.2012,0.0
24.8.2012,7.11
25.8.2012,0.0
26.8.2012,0.0
27.8.2012,7.11
28.8.2012,0.0
29.8.2012,0.0
30.8.2012,0.0
31.8.2012,0.0
1.3.2012,0.51
2.3.2012,0.0
3.3.2012,0.0
4.3.2012,0.0
5.3.2012,0.0
6.3.2012,0.0
7.3.2012,0.0
8.3.2012,0.0
9.3.2012,0.0
10.3.2012,0.51
11.3.2012,0.0
12.3.2012,0.76
13.3.2012,2.54
14.3.2012,0.76
15.3.2012,1.78
16.3.2012,0.0
17.3.2012,0.0
18.3.2012,0.0
19.3.2012,0.0
20.3.2012,0.0
21.3.2012,0.0
22.3.2012,0.0
23.3.2012,0.0
24.3.2012,0.0
25.3.2012,0.0
26.3.2012,0.0
27.3.2012,0.0
28.3.2012,0.0
29.3.2012,2.03
30.3.2012,9.91
31.3.2012,6.6
1.10.2012,0.0
2.10.2012,0.0
3.10.2012,12.95
4.10.2012,0.76
5.10.2012,0.0
6.10.2012,0.0
7.10.2012,20.07
8.10.2012,7.87
9.10.2012,0.0
10.10.2012,0.25
11.10.2012,0.0
12.10.2012,0.0
13.10.2012,1.52
14.10.2012,0.0
15.10.2012,0.0
16.10.2012,0.25
17.10.2012,12.95
18.10.2012,0.0
19.10.2012,0.0
20.10.2012,0.0
21.10.2012,0.0
22.10.2012,0.0
23.10.2012,0.0
24.10.2012,0.0
25.10.2012,0.76
26.10.2012,2.03
27.10.2012,12.95
28.10.2012,11.94
29.10.2012,0.76
30.10.2012,7.37
31.10.2012,0.0
1.1.2012,0.0
2.1.2012,0.0
3.1.2012,4.57
4.1.2012,0.51
5.1.2012,0.0
6.1.2012,2.54
7.1.2012,6.86
8.1.2012,0.0
9.1.2012,5.08
10.1.2012,3.3
11.1.2012,5.08
12.1.2012,0.0
13.1.2012,8.13
14.1.2012,13.21
15.1.2012,7.11
16.1.2012,1.27
17.1.2012,2.54
18.1.2012,1.02
19.1.2012,0.76
20.1.2012,1.78
21.1.2012,3.05
22.1.2012,0.0
23.1.2012,3.81
24.1.2012,0.0
25.1.2012,1.52
26.1.2012,3.05
27.1.2012,1.02
28.1.2012,0.0
29.1.2012,0.0
30.1.2012,0.0
31.1.2012,0.0
1.9.2012,0.25
2.9.2012,0.0
3.9.2012,0.0
4.9.2012,0.25
5.9.2012,0.0
6.9.2012,1.78
7.9.2012,3.3
8.9.2012,0.51
9.9.2012,0.25
10.9.2012,0.0
11.9.2012,0.0
12.9.2012,0.0
13.9.2012,8.89
14.9.2012,3.05
15.9.2012,0.25
16.9.2012,0.0
17.9.2012,0.0
18.9.2012,0.0
19.9.2012,6.1
20.9.2012,25.65
21.9.2012,9.65
22.9.2012,0.0
23.9.2012,0.51
24.9.2012,0.0
25.9.2012,1.02
26.9.2012,0.0
27.9.2012,4.06
28.9.2012,0.0
29.9.2012,0.0
30.9.2012,5.08
1.5.2013,
2.5.2013,9.91
3.5.2013,30.23
4.5.2013,14.22
5.5.2013,0.51
6.5.2013,2.03
7.5.2013,0.51
8.5.2013,6.1
9.5.2013,0.0
10.5.2013,0.0
11.5.2013,0.0
12.5.2013,0.0
13.5.2013,23.88
14.5.2013,10.67
15.5.2013,0.0
16.5.2013,0.0
17.5.2013,0.0
18.5.2013,0.25
19.5.2013,0.0
20.5.2013,0.0
21.5.2013,2.03
22.5.2013,0.76
23.5.2013,1.78
24.5.2013,0.76
25.5.2013,4.57
26.5.2013,4.83
27.5.2013,6.1
28.5.2013,0.25
29.5.2013,0.0
30.5.2013,8.89
31.5.2013,13.46
1.2.2013,
2.2.2013,
3.2.2013,
4.2.2013,
5.2.2013,
6.2.2013,14.22
7.2.2013,
8.2.2013,
9.2.2013,
10.2.2013,
11.2.2013,
12.2.2013,
13.2.2013,
14.2.2013,0.0
15.2.2013,0.0
16.2.2013,
17.2.2013,0.0
18.2.2013,
19.2.2013,
20.2.2013,
21.2.2013,
22.2.2013,1.52
23.2.2013,0.0
24.2.2013,
25.2.2013,
26.2.2013,0.0
27.2.2013,0.0
28.2.2013,0.0
1.4.2013,59.69
2.4.2013,0.0
3.4.2013,0.0
4.4.2013,3.81
5.4.2013,0.0
6.4.2013,2.54
7.4.2013,2.03
8.4.2013,0.0
9.4.2013,0.0
10.4.2013,2.03
11.4.2013,0.0
12.4.2013,2.03
13.4.2013,10.41
14.4.2013,0.25
15.4.2013,0.0
16.4.2013,0.0
17.4.2013,0.0
18.4.2013,0.0
19.4.2013,0.0
20.4.2013,0.0
21.4.2013,0.0
22.4.2013,0.0
23.4.2013,0.0
24.4.2013,0.0
25.4.2013,0.0
26.4.2013,0.0
27.4.2013,0.0
28.4.2013,0.0
29.4.2013,0.0
30.4.2013,0.0
1.3.2013,0.0
2.3.2013,0.51
3.3.2013,0.0
4.3.2013,0.0
5.3.2013,0.0
6.3.2013,0.0
7.3.2013,0.0
8.3.2013,0.0
9.3.2013,1.02
10.3.2013,0.0
11.3.2013,0.0
12.3.2013,0.0
13.3.2013,10.92
14.3.2013,8.89
15.3.2013,18.8
16.3.2013,3.81
17.3.2013,0.0
18.3.2013,0.25
19.3.2013,1.52
20.3.2013,0.0
21.3.2013,10.92
22.3.2013,31.5
23.3.2013,4.57
24.3.2013,0.0
25.3.2013,0.0
26.3.2013,1.78
27.3.2013,3.05
28.3.2013,0.0
29.3.2013,0.0
30.3.2013,1.52
31.3.2013,0.0
1.12.2013,0.0
2.12.2013,0.25
3.12.2013,0.0
4.12.2013,0.0
5.12.2013,0.76
6.12.2013,1.27
7.12.2013,3.05
8.12.2013,5.08
9.12.2013,0.51
10.12.2013,9.91
11.12.2013,0.0
12.12.2013,0.0
13.12.2013,0.0
14.12.2013,0.0
15.12.2013,0.0
16.12.2013,0.0
17.12.2013,0.0
18.12.2013,0.0
19.12.2013,0.0
20.12.2013,0.0
21.12.2013,0.0
22.12.2013,0.0
23.12.2013,0.0
24.12.2013,0.0
25.12.2013,0.0
26.12.2013,0.0
27.12.2013,0.51
28.12.2013,0.0
29.12.2013,0.0
30.12.2013,0.0
31.12.2013,0.0
1.11.2013,0.0
2.11.2013,0.0
3.11.2013,0.0
4.11.2013,12.45
5.11.2013,0.25
6.11.2013,26.16
7.11.2013,0.76
8.11.2013,0.0
9.11.2013,0.0
10.11.2013,29.97
11.11.2013,0.51
12.11.2013,0.0
13.11.2013,0.0
14.11.2013,4.57
15.11.2013,0.0
16.11.2013,0.0
17.11.2013,0.0
18.11.2013,0.0
19.11.2013,0.0
20.11.2013,0.51
21.11.2013,4.57
22.11.2013,3.05
23.11.2013,0.0
24.11.2013,1.27
25.11.2013,25.91
26.11.2013,9.14
27.11.2013,2.03
28.11.2013,0.0
29.11.2013,1.52
30.11.2013,0.0
1.8.2013,0.0
2.8.2013,0.0
3.8.2013,0.0
4.8.2013,0.0
5.8.2013,0.51
6.8.2013,0.0
7.8.2013,0.0
8.8.2013,0.0
9.8.2013,18.03
10.8.2013,11.94
11.8.2013,0.25
12.8.2013,0.0
13.8.2013,0.0
14.8.2013,0.0
15.8.2013,0.0
16.8.2013,0.0
17.8.2013,0.0
18.8.2013,0.0
19.8.2013,0.0
20.8.2013,0.0
21.8.2013,17.78
22.8.2013,15.24
23.8.2013,0.0
24.8.2013,0.0
25.8.2013,0.0
26.8.2013,0.25
27.8.2013,0.0
28.8.2013,0.0
29.8.2013,2.54
30.8.2013,2.03
31.8.2013,1.02
1.10.2013,0.0
2.10.2013,0.0
3.10.2013,0.0
4.10.2013,0.0
5.10.2013,0.0
6.10.2013,0.0
7.10.2013,0.0
8.10.2013,0.0
9.10.2013,0.0
10.10.2013,0.0
11.10.2013,0.0
12.10.2013,0.0
13.10.2013,0.0
14.10.2013,0.0
15.10.2013,0.0
16.10.2013,0.0
17.10.2013,38.61
18.10.2013,3.81
19.10.2013,4.83
20.10.2013,0.0
21.10.2013,0.0
22.10.2013,0.0
23.10.2013,0.0
24.10.2013,0.0
25.10.2013,0.0
26.10.2013,0.0
27.10.2013,0.0
28.10.2013,0.76
29.10.2013,0.0
30.10.2013,6.6
31.10.2013,2.03
1.7.2013,1.78
2.7.2013,0.0
3.7.2013,9.91
4.7.2013,0.0
5.7.2013,6.1
6.7.2013,23.88
7.7.2013,0.0
8.7.2013,0.0
9.7.2013,0.0
10.7.2013,0.0
11.7.2013,23.11
12.7.2013,6.1
13.7.2013,9.91
14.7.2013,3.05
15.7.2013,0.51
16.7.2013,8.38
17.7.2013,0.0
18.7.2013,0.0
19.7.2013,0.0
20.7.2013,0.0
21.7.2013,0.51
22.7.2013,0.0
23.7.2013,0.0
24.7.2013,0.0
25.7.2013,0.0
26.7.2013,0.0
27.7.2013,0.0
28.7.2013,0.0
29.7.2013,1.02
30.7.2013,0.0
31.7.2013,1.52
1.6.2013,3.56
2.6.2013,0.25
3.6.2013,9.65
4.6.2013,26.67
5.6.2013,27.18
6.6.2013,4.32
7.6.2013,0.76
8.6.2013,7.87
9.6.2013,0.51
10.6.2013,0.0
11.6.2013,5.84
12.6.2013,22.61
13.6.2013,2.29
14.6.2013,0.0
15.6.2013,0.25
16.6.2013,0.0
17.6.2013,0.0
18.6.2013,0.0
19.6.2013,0.0
20.6.2013,12.19
21.6.2013,0.0
22.6.2013,11.94
23.6.2013,2.03
24.6.2013,2.54
25.6.2013,21.08
26.6.2013,12.95
27.6.2013,16.76
28.6.2013,4.32
29.6.2013,3.05
30.6.2013,3.05
1.9.2013,0.25
2.9.2013,7.62
3.9.2013,3.05
4.9.2013,1.02
5.9.2013,0.0
6.9.2013,0.0
7.9.2013,0.0
8.9.2013,0.0
9.9.2013,1.02
10.9.2013,0.0
11.9.2013,0.0
12.9.2013,8.38
13.9.2013,0.0
14.9.2013,8.13
15.9.2013,0.0
16.9.2013,0.25
17.9.2013,20.07
18.9.2013,32.0
19.9.2013,5.59
20.9.2013,3.56
21.9.2013,10.16
22.9.2013,3.3
23.9.2013,0.0
24.9.2013,17.27
25.9.2013,12.95
26.9.2013,0.0
27.9.2013,3.05
28.9.2013,0.0
29.9.2013,0.0
30.9.2013,0.0
1.1.2013,0.0
2.1.2013,0.25
3.1.2013,0.51
4.1.2013,4.57
5.1.2013,14.99
6.1.2013,2.79
7.1.2013,4.32
8.1.2013,0.0
9.1.2013,4.57
10.1.2013,0.0
11.1.2013,5.08
12.1.2013,2.03
13.1.2013,0.25
14.1.2013,0.0
15.1.2013,4.32
16.1.2013,0.0
17.1.2013,5.84
18.1.2013,0.0
19.1.2013,0.76
20.1.2013,0.0
21.1.2013,0.0
22.1.2013,4.32
23.1.2013,0.0
24.1.2013,
25.1.2013,0.51
26.1.2013,0.76
27.1.2013,0.0
28.1.2013,1.02
29.1.2013,
30.1.2013,
31.1.2013,
1.10.2014,0.76
2.10.2014,19.3
3.10.2014,5.33
4.10.2014,0.25
5.10.2014,0.0
6.10.2014,0.51
7.10.2014,0.0
8.10.2014,0.0
9.10.2014,0.0
10.10.2014,0.0
11.10.2014,0.0
12.10.2014,0.0
13.10.2014,0.0
14.10.2014,0.0
15.10.2014,10.92
16.10.2014,0.0
17.10.2014,0.25
18.10.2014,8.89
19.10.2014,0.0
20.10.2014,0.0
21.10.2014,0.0
22.10.2014,1.52
23.10.2014,20.57
24.10.2014,10.41
25.10.2014,0.0
26.10.2014,0.0
27.10.2014,0.0
28.10.2014,0.0
29.10.2014,0.0
30.10.2014,0.0
31.10.2014,0.0
1.8.2014,8.38
2.8.2014,12.19
3.8.2014,0.0
4.8.2014,1.02
5.8.2014,19.05
6.8.2014,30.23
7.8.2014,17.02
8.8.2014,5.84
9.8.2014,1.78
10.8.2014,0.0
11.8.2014,34.29
12.8.2014,25.15
13.8.2014,1.52
14.8.2014,11.68
15.8.2014,3.3
16.8.2014,7.11
17.8.2014,0.0
18.8.2014,0.0
19.8.2014,4.06
20.8.2014,0.0
21.8.2014,0.25
22.8.2014,15.49
23.8.2014,0.0
24.8.2014,17.27
25.8.2014,2.79
26.8.2014,0.0
27.8.2014,4.83
28.8.2014,7.62
29.8.2014,0.0
30.8.2014,0.0
31.8.2014,2.03
1.4.2014,0.0
2.4.2014,0.0
3.4.2014,0.0
4.4.2014,0.51
5.4.2014,0.0
6.4.2014,0.76
7.4.2014,0.0
8.4.2014,0.0
9.4.2014,21.59
10.4.2014,1.52
11.4.2014,2.29
12.4.2014,0.0
13.4.2014,1.02
14.4.2014,3.05
15.4.2014,2.29
16.4.2014,11.43
17.4.2014,5.84
18.4.2014,0.0
19.4.2014,0.25
20.4.2014,6.1
21.4.2014,0.25
22.4.2014,0.0
23.4.2014,3.3
24.4.2014,1.02
25.4.2014,15.24
26.4.2014,1.02
27.4.2014,3.56
28.4.2014,8.64
29.4.2014,7.37
30.4.2014,0.25
1.5.2014,0.25
2.5.2014,0.0
3.5.2014,1.78
4.5.2014,14.73
5.5.2014,0.0
6.5.2014,0.0
7.5.2014,0.0
8.5.2014,8.13
9.5.2014,6.1
10.5.2014,2.54
11.5.2014,0.0
12.5.2014,25.4
13.5.2014,2.54
14.5.2014,14.48
15.5.2014,58.17
16.5.2014,104.14
17.5.2014,29.46
18.5.2014,4.57
19.5.2014,0.0
20.5.2014,0.76
21.5.2014,0.0
22.5.2014,0.0
23.5.2014,0.0
24.5.2014,0.76
25.5.2014,0.51
26.5.2014,43.94
27.5.2014,4.06
28.5.2014,2.03
29.5.2014,7.87
30.5.2014,1.52
31.5.2014,1.52
1.9.2014,2.54
2.9.2014,0.0
3.9.2014,0.0
4.9.2014,0.0
5.9.2014,0.0
6.9.2014,6.1
7.9.2014,10.92
8.9.2014,0.51
9.9.2014,7.62
10.9.2014,1.52
11.9.2014,0.51
12.9.2014,10.67
13.9.2014,0.0
14.9.2014,0.76
15.9.2014,0.51
16.9.2014,0.0
17.9.2014,11.43
18.9.2014,0.0
19.9.2014,0.0
20.9.2014,0.51
21.9.2014,4.06
22.9.2014,10.92
23.9.2014,8.38
24.9.2014,10.41
25.9.2014,0.0
26.9.2014,5.59
27.9.2014,7.87
28.9.2014,2.79
29.9.2014,0.0
30.9.2014,0.0
1.3.2014,1.78
2.3.2014,0.0
3.3.2014,0.0
4.3.2014,0.0
5.3.2014,0.0
6.3.2014,3.05
7.3.2014,0.0
8.3.2014,0.0
9.3.2014,0.0
10.3.2014,0.0
11.3.2014,0.0
12.3.2014,0.0
13.3.2014,0.0
14.3.2014,0.0
15.3.2014,7.87
16.3.2014,20.07
17.3.2014,13.21
18.3.2014,0.0
19.3.2014,1.02
20.3.2014,8.64
21.3.2014,0.0
22.3.2014,0.0
23.3.2014,3.05
24.3.2014,10.41
25.3.2014,8.38
26.3.2014,0.0
27.3.2014,0.0
28.3.2014,0.0
29.3.2014,0.0
30.3.2014,0.0
31.3.2014,0.0
1.1.2014,0.0
2.1.2014,0.0
3.1.2014,0.0
4.1.2014,0.25
5.1.2014,5.33
6.1.2014,0.76
7.1.2014,0.0
8.1.2014,0.0
9.1.2014,0.0
10.1.2014,1.52
11.1.2014,0.51
12.1.2014,1.52
13.1.2014,2.03
14.1.2014,0.0
15.1.2014,0.0
16.1.2014,1.02
17.1.2014,0.0
18.1.2014,0.0
19.1.2014,0.25
20.1.2014,1.78
21.1.2014,2.79
22.1.2014,2.54
23.1.2014,1.27
24.1.2014,0.0
25.1.2014,0.25
26.1.2014,3.05
27.1.2014,0.51
28.1.2014,0.0
29.1.2014,0.51
30.1.2014,0.0
31.1.2014,0.0
1.11.2014,0.0
2.11.2014,0.0
3.11.2014,0.0
4.11.2014,0.0
5.11.2014,0.0
6.11.2014,0.0
7.11.2014,0.0
8.11.2014,0.25
9.11.2014,0.0
10.11.2014,0.0
11.11.2014,0.0
12.11.2014,0.0
13.11.2014,0.0
14.11.2014,0.0
15.11.2014,0.0
16.11.2014,0.0
17.11.2014,0.0
18.11.2014,0.76
19.11.2014,2.03
20.11.2014,5.84
21.11.2014,0.25
22.11.2014,0.0
23.11.2014,0.0
24.11.2014,0.0
25.11.2014,7.11
26.11.2014,3.3
27.11.2014,0.0
28.11.2014,0.0
29.11.2014,0.0
30.11.2014,0.0
1.2.2014,0
2.2.2014,0
3.2.2014,0
4.2.2014,0
5.2.2014,0
6.2.2014,0
7.2.2014,0
8.2.2014,0.25
9.2.2014,0
10.2.2014,8.89
11.2.2014,0
12.2.2014,3.81
13.2.2014,21.34
14.2.2014,1.52
15.2.2014,1.78
16.2.2014,0
17.2.2014,1.78
18.2.2014,0
19.2.2014,0
20.2.2014,0
21.2.2014,0
22.2.2014,0
23.2.2014,4.32
24.2.2014,0
25.2.2014,0
26.2.2014,0
27.2.2014,0
28.2.2014,0.25
1.7.2014,27.69
2.7.2014,2.79
3.7.2014,36.58
4.7.2014,0.0
5.7.2014,0.0
6.7.2014,4.06
7.7.2014,0.0
8.7.2014,6.1
9.7.2014,16.51
10.7.2014,0.25
11.7.2014,23.11
12.7.2014,40.13
13.7.2014,0.0
14.7.2014,0.51
15.7.2014,7.87
16.7.2014,4.06
17.7.2014,3.05
18.7.2014,38.35
19.7.2014,1.52
20.7.2014,0.0
21.7.2014,8.13
22.7.2014,13.72
23.7.2014,9.14
24.7.2014,7.11
25.7.2014,2.79
26.7.2014,0.51
27.7.2014,4.83
28.7.2014,4.57
29.7.2014,9.4
30.7.2014,9.14
31.7.2014,0.0
1.6.2014,10.41
2.6.2014,3.3
3.6.2014,4.32
4.6.2014,3.81
5.6.2014,0.51
6.6.2014,0.0
7.6.2014,1.52
8.6.2014,0.0
9.6.2014,0.0
10.6.2014,0.0
11.6.2014,0.0
12.6.2014,0.0
13.6.2014,0.0
14.6.2014,2.03
15.6.2014,3.05
16.6.2014,1.02
17.6.2014,0.0
18.6.2014,0.0
19.6.2014,0.0
20.6.2014,0.0
21.6.2014,1.78
22.6.2014,0.51
23.6.2014,0.51
24.6.2014,0.0
25.6.2014,7.11
26.6.2014,14.48
27.6.2014,2.54
28.6.2014,0.0
29.6.2014,10.16
30.6.2014,11.94
1.12.2014,0.0
2.12.2014,0.25
3.12.2014,0.0
4.12.2014,0.0
5.12.2014,0.0
6.12.2014,0.0
7.12.2014,0.0
8.12.2014,0.0
9.12.2014,5.08
10.12.2014,0.0
11.12.2014,0.0
12.12.2014,0.0
13.12.2014,0.0
14.12.2014,0.0
15.12.2014,0.0
16.12.2014,
17.12.2014,
18.12.2014,
19.12.2014,0.0
20.12.2014,3.3
21.12.2014,3.3
22.12.2014,1.78
23.12.2014,0.76
24.12.2014,0.0
25.12.2014,0.0
26.12.2014,0.76
27.12.2014,5.33
28.12.2014,0.0
29.12.2014,
30.12.2014,
1.8.2015,0.0
2.8.2015,0.25
3.8.2015,0.0
4.8.2015,0.0
5.8.2015,6.6
6.8.2015,6.6
7.8.2015,0.0
8.8.2015,0.0
9.8.2015,2.03
10.8.2015,0.0
11.8.2015,0.0
12.8.2015,0.0
13.8.2015,0.0
14.8.2015,0.0
15.8.2015,0.0
16.8.2015,14.99
17.8.2015,2.03
18.8.2015,0.0
19.8.2015,0.0
20.8.2015,0.0
21.8.2015,0.0
22.8.2015,0.0
23.8.2015,0.0
24.8.2015,0.0
25.8.2015,3.05
26.8.2015,0.76
27.8.2015,0.0
28.8.2015,0.0
29.8.2015,0.0
30.8.2015,0.0
31.8.2015,0.0
1.7.2015,0.0
2.7.2015,0.0
3.7.2015,0.0
4.7.2015,0.0
5.7.2015,0.0
6.7.2015,0.0
7.7.2015,0.0
8.7.2015,4.06
9.7.2015,6.1
10.7.2015,0.25
11.7.2015,0.0
12.7.2015,0.0
13.7.2015,2.29
14.7.2015,2.54
15.7.2015,2.79
16.7.2015,0.0
17.7.2015,0.0
18.7.2015,6.1
19.7.2015,0.0
20.7.2015,2.54
21.7.2015,0.0
22.7.2015,0.0
23.7.2015,0.0
24.7.2015,0.51
25.7.2015,0.0
26.7.2015,19.81
27.7.2015,0.25
28.7.2015,3.05
29.7.2015,8.13
30.7.2015,4.57
31.7.2015,0.0
1.2.2015,0.0
2.2.2015,0.0
3.2.2015,0.76
4.2.2015,0.0
5.2.2015,0.0
6.2.2015,0.25
7.2.2015,0.0
8.2.2015,0.51
9.2.2015,11.43
10.2.2015,15.49
11.2.2015,3.3
12.2.2015,0.0
13.2.2015,0.0
14.2.2015,0.0
15.2.2015,0.0
16.2.2015,0.0
17.2.2015,0.0
18.2.2015,0.0
19.2.2015,0.0
20.2.2015,0.0
21.2.2015,0.0
22.2.2015,0.0
23.2.2015,0.0
24.2.2015,0.0
25.2.2015,2.03
26.2.2015,15.24
27.2.2015,0.25
28.2.2015,0.0
1.3.2015,0.76
2.3.2015,0.0
3.3.2015,1.78
4.3.2015,1.02
5.3.2015,1.78
6.3.2015,1.02
7.3.2015,0.0
8.3.2015,0.0
9.3.2015,0.0
10.3.2015,0.0
11.3.2015,3.05
12.3.2015,19.05
13.3.2015,18.29
14.3.2015,2.29
15.3.2015,2.79
16.3.2015,0.0
17.3.2015,0.0
18.3.2015,0.0
19.3.2015,0.0
20.3.2015,0.0
21.3.2015,0.0
22.3.2015,0.0
23.3.2015,0.51
24.3.2015,0.0
25.3.2015,0.0
26.3.2015,0.0
27.3.2015,0.0
28.3.2015,8.89
29.3.2015,0.51
30.3.2015,0.0
31.3.2015,3.56
1.12.2015,4.57
2.12.2015,5.59
3.12.2015,1.52
4.12.2015,0.51
5.12.2015,0.0
6.12.2015,0.0
7.12.2015,0.0
8.12.2015,0.0
9.12.2015,0.0
10.12.2015,4.32
11.12.2015,1.78
12.12.2015,0.51
13.12.2015,0.76
14.12.2015,0.51
15.12.2015,0.0
16.12.2015,0.0
17.12.2015,0.0
18.12.2015,0.25
19.12.2015,4.57
20.12.2015,0.0
21.12.2015,0.76
22.12.2015,0.0
23.12.2015,0.0
24.12.2015,0.0
25.12.2015,0.0
26.12.2015,0.0
27.12.2015,0.0
28.12.2015,0.0
29.12.2015,0.0
30.12.2015,0.25
31.12.2015,0.0
1.6.2015,0.0
2.6.2015,6.1
3.6.2015,0.0
4.6.2015,0.0
5.6.2015,0.0
6.6.2015,0.0
7.6.2015,0.0
8.6.2015,3.3
9.6.2015,0.25
10.6.2015,0.51
11.6.2015,0.0
12.6.2015,0.0
13.6.2015,0.0
14.6.2015,0.0
15.6.2015,1.78
16.6.2015,40.89
17.6.2015,0.0
18.6.2015,0.0
19.6.2015,0.76
20.6.2015,11.18
21.6.2015,0.51
22.6.2015,1.78
23.6.2015,0.0
24.6.2015,0.76
25.6.2015,0.0
26.6.2015,0.0
27.6.2015,0.0
28.6.2015,5.08
29.6.2015,9.91
30.6.2015,0.0
1.5.2015,0.0
2.5.2015,4.57
3.5.2015,2.29
4.5.2015,0.51
5.5.2015,0.0
6.5.2015,4.06
7.5.2015,10.41
8.5.2015,0.0
9.5.2015,2.54
10.5.2015,4.06
11.5.2015,16.51
12.5.2015,0.0
13.5.2015,0.0
14.5.2015,4.06
15.5.2015,6.1
16.5.2015,0.0
17.5.2015,0.0
18.5.2015,0.0
19.5.2015,0.0
20.5.2015,8.38
21.5.2015,23.88
22.5.2015,23.37
23.5.2015,0.51
24.5.2015,1.02
25.5.2015,0.25
26.5.2015,1.52
27.5.2015,68.07
28.5.2015,0.0
29.5.2015,0.0
30.5.2015,3.05
31.5.2015,0.0
1.9.2015,0.0
2.9.2015,1.02
3.9.2015,2.29
4.9.2015,6.86
5.9.2015,2.54
6.9.2015,4.57
7.9.2015,2.29
8.9.2015,6.86
9.9.2015,0.0
10.9.2015,9.91
11.9.2015,0.25
12.9.2015,0.0
13.9.2015,0.0
14.9.2015,
15.9.2015,1.02
16.9.2015,10.16
17.9.2015,0.0
18.9.2015,0.0
19.9.2015,1.78
20.9.2015,21.08
21.9.2015,8.13
22.9.2015,0.0
23.9.2015,0.0
24.9.2015,0.0
25.9.2015,1.78
26.9.2015,65.02
27.9.2015,14.99
28.9.2015,0.0
29.9.2015,0.0
30.9.2015,0.0
1.4.2015,5.59
2.4.2015,0.0
3.4.2015,9.91
4.4.2015,3.3
5.4.2015,2.29
6.4.2015,1.78
7.4.2015,8.13
8.4.2015,5.84
9.4.2015,1.52
10.4.2015,0.0
11.4.2015,0.0
12.4.2015,0.0
13.4.2015,0.0
14.4.2015,0.0
15.4.2015,0.0
16.4.2015,0.0
17.4.2015,13.97
18.4.2015,2.29
19.4.2015,2.03
20.4.2015,0.0
21.4.2015,0.0
22.4.2015,0.0
23.4.2015,0.0
24.4.2015,0.0
25.4.2015,0.0
26.4.2015,0.0
27.4.2015,0.0
28.4.2015,3.05
29.4.2015,11.68
30.4.2015,0.0
1.10.2015,0.25
2.10.2015,0.0
3.10.2015,0.0
4.10.2015,0.0
5.10.2015,0.0
6.10.2015,0.0
7.10.2015,0.0
8.10.2015,4.06
9.10.2015,3.3
10.10.2015,1.02
11.10.2015,0.0
12.10.2015,7.62
13.10.2015,5.08
14.10.2015,0.0
15.10.2015,0.25
16.10.2015,2.29
17.10.2015,7.11
18.10.2015,0.51
19.10.2015,0.0
20.10.2015,18.29
21.10.2015,8.89
22.10.2015,2.03
23.10.2015,0.25
24.10.2015,0.0
25.10.2015,0.0
26.10.2015,0.51
27.10.2015,0.0
28.10.2015,0.0
29.10.2015,0.0
30.10.2015,0.0
31.10.2015,0.0
1.11.2015,0.0
2.11.2015,0.0
3.11.2015,0.0
4.11.2015,0.0
5.11.2015,0.0
6.11.2015,0.0
7.11.2015,0.51
8.11.2015,0.25
9.11.2015,3.05
10.11.2015,0.25
11.11.2015,0.0
12.11.2015,0.25
13.11.2015,0.0
14.11.2015,1.27
15.11.2015,1.52
16.11.2015,10.41
17.11.2015,1.02
18.11.2015,1.78
19.11.2015,2.29
20.11.2015,8.64
21.11.2015,12.7
22.11.2015,0.51
23.11.2015,0.25
24.11.2015,1.02
25.11.2015,0.0
26.11.2015,0.0
27.11.2015,1.27
28.11.2015,0.0
29.11.2015,5.33
30.11.2015,0.51
1.1.2015,
2.1.2015,
3.1.2015,
4.1.2015,
5.1.2015,2.03
6.1.2015,2.79
7.1.2015,0.0
8.1.2015,2.03
9.1.2015,0.25
10.1.2015,11.68
11.1.2015,7.11
12.1.2015,3.81
13.1.2015,0.51
14.1.2015,0.0
15.1.2015,2.29
16.1.2015,0.0
17.1.2015,0.0
18.1.2015,2.03
19.1.2015,0.51
20.1.2015,0.0
21.1.2015,0.25
22.1.2015,0.0
23.1.2015,1.52
24.1.2015,2.79
25.1.2015,5.08
26.1.2015,4.32
27.1.2015,0.76
28.1.2015,0.51
29.1.2015,0.0
30.1.2015,0.0
31.1.2015,24.89
1.11.2016,0.51
2.11.2016,0.0
3.11.2016,1.02
4.11.2016,0.51
5.11.2016,0.0
6.11.2016,0.0
7.11.2016,17.02
8.11.2016,0.76
9.11.2016,0.51
10.11.2016,0.0
11.11.2016,0.25
12.11.2016,1.02
13.11.2016,7.11
14.11.2016,3.56
15.11.2016,0.51
16.11.2016,6.6
17.11.2016,4.57
18.11.2016,1.27
19.11.2016,0.0
20.11.2016,5.59
21.11.2016,0.0
22.11.2016,0.0
23.11.2016,0.0
24.11.2016,0.0
25.11.2016,0.0
26.11.2016,0.0
27.11.2016,0.0
28.11.2016,8.38
29.11.2016,4.83
30.11.2016,2.03
1.2.2016,1.78
2.2.2016,0.0
3.2.2016,0.0
4.2.2016,0.76
5.2.2016,4.06
6.2.2016,0.25
7.2.2016,0.0
8.2.2016,0.0
9.2.2016,0.0
10.2.2016,1.52
11.2.2016,26.92
12.2.2016,0.51
13.2.2016,1.52
14.2.2016,1.02
15.2.2016,3.3
16.2.2016,12.19
17.2.2016,1.27
18.2.2016,0.51
19.2.2016,4.83
20.2.2016,19.05
21.2.2016,0.25
22.2.2016,5.59
23.2.2016,0.0
24.2.2016,11.94
25.2.2016,0.0
26.2.2016,1.78
27.2.2016,0.0
28.2.2016,0.0
29.2.2016,4.06
1.7.2016,14.48
2.7.2016,58.93
3.7.2016,14.22
4.7.2016,9.91
5.7.2016,0.0
6.7.2016,3.3
7.7.2016,0.0
8.7.2016,0.0
9.7.2016,7.11
10.7.2016,2.03
11.7.2016,0.0
12.7.2016,0.0
13.7.2016,4.06
14.7.2016,12.19
15.7.2016,1.52
16.7.2016,0.76
17.7.2016,35.81
18.7.2016,82.04
19.7.2016,4.83
20.7.2016,7.62
21.7.2016,0.0
22.7.2016,0.0
23.7.2016,0.0
24.7.2016,1.02
25.7.2016,9.4
26.7.2016,7.87
27.7.2016,6.1
28.7.2016,3.05
29.7.2016,42.16
30.7.2016,0.0
31.7.2016,0.0
1.3.2016,8.38
2.3.2016,4.32
3.3.2016,0.0
4.3.2016,0.0
5.3.2016,0.0
6.3.2016,0.0
7.3.2016,4.06
8.3.2016,3.05
9.3.2016,0.76
10.3.2016,0.0
11.3.2016,1.02
12.3.2016,1.52
13.3.2016,1.52
14.3.2016,0.76
15.3.2016,4.06
16.3.2016,8.64
17.3.2016,0.0
18.3.2016,0.0
19.3.2016,0.76
20.3.2016,0.0
21.3.2016,0.0
22.3.2016,0.25
23.3.2016,0.0
24.3.2016,1.02
25.3.2016,0.0
26.3.2016,1.27
27.3.2016,4.32
28.3.2016,0.0
29.3.2016,0.0
30.3.2016,0.0
31.3.2016,0.0
1.12.2016,2.29
2.12.2016,8.64
3.12.2016,6.6
4.12.2016,0.51
5.12.2016,0.0
6.12.2016,0.0
7.12.2016,0.0
8.12.2016,0.76
9.12.2016,0.0
10.12.2016,0.25
11.12.2016,0.0
12.12.2016,5.84
13.12.2016,5.08
14.12.2016,0.0
15.12.2016,3.3
16.12.2016,0.51
17.12.2016,0.0
18.12.2016,0.25
19.12.2016,0.0
20.12.2016,0.0
21.12.2016,0.0
22.12.2016,0.0
23.12.2016,0.0
24.12.2016,1.02
25.12.2016,4.06
26.12.2016,2.29
27.12.2016,5.08
28.12.2016,7.87
29.12.2016,2.03
30.12.2016,0.0
31.12.2016,0.0
1.9.2016,0.0
2.9.2016,0.0
3.9.2016,0.0
4.9.2016,0.0
5.9.2016,8.38
6.9.2016,44.2
7.9.2016,1.78
8.9.2016,0.0
9.9.2016,0.0
10.9.2016,0.0
11.9.2016,0.0
12.9.2016,0.0
13.9.2016,0.0
14.9.2016,0.0
15.9.2016,0.0
16.9.2016,0.0
17.9.2016,19.05
18.9.2016,10.92
19.9.2016,5.08
20.9.2016,4.06
21.9.2016,0.0
22.9.2016,0.51
23.9.2016,1.27
24.9.2016,0.0
25.9.2016,1.52
26.9.2016,0.0
27.9.2016,0.0
28.9.2016,0.0
29.9.2016,0.0
30.9.2016,0.0
1.8.2016,16.0
2.8.2016,2.29
3.8.2016,0.0
4.8.2016,0.0
5.8.2016,0.0
6.8.2016,0.51
7.8.2016,9.4
8.8.2016,0.0
9.8.2016,27.94
10.8.2016,43.94
11.8.2016,8.89
12.8.2016,3.05
13.8.2016,0.0
14.8.2016,0.0
15.8.2016,7.87
16.8.2016,0.0
17.8.2016,2.79
18.8.2016,3.05
19.8.2016,0.0
20.8.2016,0.0
21.8.2016,10.92
22.8.2016,11.94
23.8.2016,0.0
24.8.2016,0.0
25.8.2016,0.0
26.8.2016,0.0
27.8.2016,0.0
28.8.2016,0.0
29.8.2016,48.01
30.8.2016,3.05
31.8.2016,0.0
1.9.2016,0.0
2.9.2016,0.0
3.9.2016,0.0
4.9.2016,0.0
5.9.2016,8.38
6.9.2016,44.2
7.9.2016,1.78
8.9.2016,0.0
9.9.2016,0.0
10.9.2016,0.0
11.9.2016,0.0
12.9.2016,0.0
13.9.2016,0.0
14.9.2016,0.0
15.9.2016,0.0
16.9.2016,0.0
17.9.2016,19.05
18.9.2016,10.92
19.9.2016,5.08
20.9.2016,4.06
21.9.2016,0.0
22.9.2016,0.51
23.9.2016,1.27
24.9.2016,0.0
25.9.2016,1.52
26.9.2016,0.0
27.9.2016,0.0
28.9.2016,0.0
29.9.2016,0.0
30.9.2016,0.0
1.1.2016,0.0
2.1.2016,0.0
3.1.2016,0.0
4.1.2016,0.0
5.1.2016,0.0
6.1.2016,0.0
7.1.2016,0.0
8.1.2016,0.0
9.1.2016,0.0
10.1.2016,0.25
11.1.2016,4.32
12.1.2016,2.79
13.1.2016,0.25
14.1.2016,0.0
15.1.2016,0.51
16.1.2016,0.51
17.1.2016,2.03
18.1.2016,0.0
19.1.2016,0.0
20.1.2016,0.0
21.1.2016,0.51
22.1.2016,0.76
23.1.2016,0.0
24.1.2016,1.52
25.1.2016,0.0
26.1.2016,1.78
27.1.2016,0.0
28.1.2016,0.0
29.1.2016,0.25
30.1.2016,0.0
31.1.2016,1.27
1.4.2016,0.0
2.4.2016,0.76
3.4.2016,0.0
4.4.2016,0.0
5.4.2016,0.0
6.4.2016,0.0
7.4.2016,0.0
8.4.2016,0.0
9.4.2016,5.33
10.4.2016,7.87
11.4.2016,0.51
12.4.2016,0.0
13.4.2016,1.02
14.4.2016,9.65
15.4.2016,23.62
16.4.2016,0.0
17.4.2016,0.0
18.4.2016,3.05
19.4.2016,1.52
20.4.2016,0.76
21.4.2016,0.0
22.4.2016,0.0
23.4.2016,0.25
24.4.2016,4.32
25.4.2016,13.97
26.4.2016,4.06
27.4.2016,0.25
28.4.2016,22.61
29.4.2016,0.0
30.4.2016,0.0
1.8.2017,0.0
2.8.2017,6.1
3.8.2017,0.0
4.8.2017,0.25
5.8.2017,0.0
6.8.2017,0.0
7.8.2017,11.94
8.8.2017,5.84
9.8.2017,0.0
10.8.2017,3.05
11.8.2017,0.0
12.8.2017,8.89
13.8.2017,0.76
14.8.2017,0.0
15.8.2017,0.0
16.8.2017,0.0
17.8.2017,5.08
18.8.2017,0.0
19.8.2017,16.0
20.8.2017,56.64
21.8.2017,37.34
22.8.2017,2.29
23.8.2017,2.03
24.8.2017,0.0
25.8.2017,0.0
26.8.2017,2.03
27.8.2017,1.02
28.8.2017,4.32
29.8.2017,0.0
30.8.2017,0.0
31.8.2017,0.0
1.5.2017,0.0
2.5.2017,2.03
3.5.2017,2.03
4.5.2017,11.94
5.5.2017,1.52
6.5.2017,6.86
7.5.2017,9.4
8.5.2017,15.24
9.5.2017,1.52
10.5.2017,1.02
11.5.2017,0.0
12.5.2017,0.25
13.5.2017,2.54
14.5.2017,0.0
15.5.2017,0.0
16.5.2017,0.76
17.5.2017,0.76
18.5.2017,0.0
19.5.2017,0.0
20.5.2017,0.0
21.5.2017,1.52
22.5.2017,0.25
23.5.2017,0.0
24.5.2017,10.16
25.5.2017,9.4
26.5.2017,3.3
27.5.2017,0.0
28.5.2017,0.0
29.5.2017,0.0
30.5.2017,17.02
31.5.2017,9.91
1.11.2017,0.51
2.11.2017,0.0
3.11.2017,4.83
4.11.2017,0.51
5.11.2017,0.0
6.11.2017,0.0
7.11.2017,0.0
8.11.2017,0.0
9.11.2017,0.0
10.11.2017,0.51
11.11.2017,0.0
12.11.2017,0.25
13.11.2017,0.76
14.11.2017,20.32
15.11.2017,0.0
16.11.2017,0.0
17.11.2017,0.0
18.11.2017,7.62
19.11.2017,1.02
20.11.2017,3.3
21.11.2017,0.76
22.11.2017,1.27
23.11.2017,0.0
24.11.2017,0.0
25.11.2017,0.0
26.11.2017,8.38
27.11.2017,7.37
28.11.2017,0.0
29.11.2017,1.02
30.11.2017,5.84
1.3.2017,2.29
2.3.2017,0.51
3.3.2017,0.0
4.3.2017,0.0
5.3.2017,0.0
6.3.2017,5.84
7.3.2017,0.25
8.3.2017,0.51
9.3.2017,0.51
10.3.2017,0.0
11.3.2017,0.0
12.3.2017,0.0
13.3.2017,1.78
14.3.2017,0.0
15.3.2017,0.76
16.3.2017,0.0
17.3.2017,0.0
18.3.2017,3.3
19.3.2017,2.54
20.3.2017,8.38
21.3.2017,1.78
22.3.2017,1.52
23.3.2017,3.56
24.3.2017,0.25
25.3.2017,0.76
26.3.2017,0.0
27.3.2017,0.0
28.3.2017,0.0
29.3.2017,0.0
30.3.2017,4.57
31.3.2017,0.0
1.4.2017,0.0
2.4.2017,0.0
3.4.2017,34.04
4.4.2017,9.91
5.4.2017,8.89
6.4.2017,17.02
7.4.2017,9.91
8.4.2017,7.87
9.4.2017,0.0
10.4.2017,0.0
11.4.2017,1.27
12.4.2017,2.54
13.4.2017,0.0
14.4.2017,8.64
15.4.2017,0.0
16.4.2017,4.57
17.4.2017,4.57
18.4.2017,7.37
19.4.2017,5.59
20.4.2017,30.99
21.4.2017,6.1
22.4.2017,0.0
23.4.2017,8.89
24.4.2017,5.08
25.4.2017,0.0
26.4.2017,1.52
27.4.2017,1.52
28.4.2017,9.4
29.4.2017,26.42
30.4.2017,0.25
1.6.2017,0.0
2.6.2017,0.0
3.6.2017,0.0
4.6.2017,5.08
5.6.2017,17.78
6.6.2017,0.0
7.6.2017,2.54
8.6.2017,0.0
9.6.2017,0.0
10.6.2017,17.02
11.6.2017,0.0
12.6.2017,0.0
13.6.2017,2.29
14.6.2017,0.0
15.6.2017,0.0
16.6.2017,5.08
17.6.2017,13.21
18.6.2017,21.59
19.6.2017,0.0
20.6.2017,0.0
21.6.2017,0.0
22.6.2017,0.0
23.6.2017,12.95
24.6.2017,0.0
25.6.2017,0.0
26.6.2017,0.51
27.6.2017,0.0
28.6.2017,0.0
29.6.2017,13.21
30.6.2017,0.0
1.9.2017,0.0
2.9.2017,0.0
3.9.2017,19.81
4.9.2017,12.19
5.9.2017,4.57
6.9.2017,7.62
7.9.2017,1.52
8.9.2017,0.0
9.9.2017,0.0
10.9.2017,0.0
11.9.2017,0.0
12.9.2017,17.53
13.9.2017,16.0
14.9.2017,0.0
15.9.2017,3.05
16.9.2017,2.54
17.9.2017,4.32
18.9.2017,16.51
19.9.2017,0.0
20.9.2017,5.08
21.9.2017,23.11
22.9.2017,55.88
23.9.2017,8.64
24.9.2017,8.13
25.9.2017,0.0
26.9.2017,0.0
27.9.2017,0.0
28.9.2017,0.0
29.9.2017,0.0
30.9.2017,0.0
1.10.2017,0.0
2.10.2017,0.0
3.10.2017,0.76
4.10.2017,8.64
5.10.2017,0.0
6.10.2017,3.56
7.10.2017,1.52
8.10.2017,0.51
9.10.2017,3.56
10.10.2017,0.0
11.10.2017,0.0
12.10.2017,0.0
13.10.2017,0.0
14.10.2017,0.0
15.10.2017,0.0
16.10.2017,0.0
17.10.2017,0.0
18.10.2017,0.0
19.10.2017,0.0
20.10.2017,0.0
21.10.2017,0.51
22.10.2017,4.06
23.10.2017,23.62
24.10.2017,32.26
25.10.2017,0.0
26.10.2017,0.0
27.10.2017,0.0
28.10.2017,21.08
29.10.2017,1.52
30.10.2017,31.24
31.10.2017,4.83
1.7.2017,7.11
2.7.2017,11.94
3.7.2017,3.56
4.7.2017,0.0
5.7.2017,0.25
6.7.2017,8.13
7.7.2017,0.0
8.7.2017,5.59
9.7.2017,1.52
10.7.2017,0.76
11.7.2017,6.6
12.7.2017,6.86
13.7.2017,1.52
14.7.2017,0.51
15.7.2017,7.87
16.7.2017,0.0
17.7.2017,0.0
18.7.2017,0.0
19.7.2017,0.0
20.7.2017,0.0
21.7.2017,0.0
22.7.2017,0.0
23.7.2017,0.0
24.7.2017,7.87
25.7.2017,1.78
26.7.2017,8.64
27.7.2017,0.0
28.7.2017,7.87
29.7.2017,12.45
30.7.2017,0.0
31.7.2017,0.0
1.1.2017,0.0
2.1.2017,0.51
3.1.2017,1.02
4.1.2017,0.25
5.1.2017,2.54
6.1.2017,0.0
7.1.2017,0.0
8.1.2017,0.0
9.1.2017,0.0
10.1.2017,0.0
11.1.2017,0.0
12.1.2017,0.51
13.1.2017,1.02
14.1.2017,3.3
15.1.2017,2.79
16.1.2017,0.0
17.1.2017,0.0
18.1.2017,0.0
19.1.2017,0.0
20.1.2017,0.0
21.1.2017,0.0
22.1.2017,0.0
23.1.2017,0.0
24.1.2017,0.0
25.1.2017,0.76
26.1.2017,0.25
27.1.2017,0.0
28.1.2017,0.0
29.1.2017,0.0
30.1.2017,0.0
31.1.2017,0.0
1.2.2017,1.02
2.2.2017,2.79
3.2.2017,1.02
4.2.2017,0.0
5.2.2017,0.0
6.2.2017,1.52
7.2.2017,0.0
8.2.2017,0.0
9.2.2017,0.0
10.2.2017,0.0
11.2.2017,0.0
12.2.2017,0.0
13.2.2017,0.0
14.2.2017,0.0
15.2.2017,0.0
16.2.2017,0.0
17.2.2017,4.06
18.2.2017,2.03
19.2.2017,0.0
20.2.2017,0.0
21.2.2017,0.76
22.2.2017,1.27
23.2.2017,3.05
24.2.2017,0.0
25.2.2017,1.27
26.2.2017,0.0
27.2.2017,0.0
28.2.2017,0.0
1.12.2017,9.65
2.12.2017,0.0
3.12.2017,1.02
4.12.2017,8.64
5.12.2017,1.52
6.12.2017,2.79
7.12.2017,1.52
8.12.2017,0.0
9.12.2017,3.81
10.12.2017,4.83
11.12.2017,1.02
12.12.2017,0.0
13.12.2017,0.51
14.12.2017,0.0
15.12.2017,0.0
16.12.2017,2.03
17.12.2017,0.25
18.12.2017,0.0
19.12.2017,0.0
20.12.2017,0.0
21.12.2017,4.83
22.12.2017,0.76
23.12.2017,2.79
24.12.2017,3.3
25.12.2017,0.51
26.12.2017,0.0
27.12.2017,0.0
28.12.2017,0.0
29.12.2017,16.51
30.12.2017,8.13
31.12.2017,0.0
1.9.2018,3.3
2.9.2018,0.0
3.9.2018,1.78
4.9.2018,43.43
5.9.2018,3.05
6.9.2018,2.79
7.9.2018,0.0
8.9.2018,9.91
9.9.2018,0.0
10.9.2018,0.0
11.9.2018,0.0
12.9.2018,0.0
13.9.2018,0.0
14.9.2018,24.89
15.9.2018,1.02
16.9.2018,0.0
18.9.2018,0.0
19.9.2018,0.0
20.9.2018,0.0
21.9.2018,0.0
22.9.2018,10.16
23.9.2018,
24.9.2018,8.13
25.9.2018,5.33
26.9.2018,0.0
27.9.2018,0.0
28.9.2018,0.0
29.9.2018,6.35
30.9.2018,0.0
1.3.2018,0.76
2.3.2018,0.0
3.3.2018,0.0
4.3.2018,0.0
5.3.2018,0.0
6.3.2018,0.0
7.3.2018,0.0
8.3.2018,0.0
9.3.2018,0.0
10.3.2018,0.0
11.3.2018,0.0
12.3.2018,0.0
13.3.2018,0.76
14.3.2018,0.0
15.3.2018,2.29
16.3.2018,0.0
17.3.2018,8.38
18.3.2018,0.25
19.3.2018,1.52
20.3.2018,0.0
21.3.2018,1.52
22.3.2018,0.51
23.3.2018,0.0
24.3.2018,0.0
25.3.2018,0.0
26.3.2018,0.0
27.3.2018,0.25
28.3.2018,1.52
29.3.2018,0.0
30.3.2018,0.76
31.3.2018,0.25
1.10.2018,0.0
2.10.2018,1.78
3.10.2018,7.87
4.10.2018,5.84
5.10.2018,0.0
6.10.2018,0.0
7.10.2018,0.0
8.10.2018,12.95
9.10.2018,0.0
10.10.2018,0.0
11.10.2018,0.0
12.10.2018,0.0
13.10.2018,0.0
14.10.2018,0.0
15.10.2018,0.0
16.10.2018,0.0
17.10.2018,0.0
18.10.2018,0.0
19.10.2018,0.0
20.10.2018,0.51
21.10.2018,5.84
22.10.2018,0.51
23.10.2018,0.0
24.10.2018,16.76
25.10.2018,0.51
26.10.2018,5.84
27.10.2018,0.0
28.10.2018,11.18
29.10.2018,2.03
30.10.2018,0.0
31.10.2018,0.51
1.4.2018,10.16
2.4.2018,9.14
3.4.2018,0.0
4.4.2018,0.0
5.4.2018,3.05
6.4.2018,6.35
7.4.2018,0.0
8.4.2018,0.0
9.4.2018,0.0
10.4.2018,0.0
11.4.2018,0.0
12.4.2018,0.0
13.4.2018,2.03
14.4.2018,0.0
15.4.2018,0.0
16.4.2018,0.51
17.4.2018,0.0
18.4.2018,1.52
19.4.2018,0.0
20.4.2018,0.0
21.4.2018,0.0
22.4.2018,0.0
23.4.2018,0.0
24.4.2018,6.6
25.4.2018,0.0
26.4.2018,1.02
27.4.2018,5.59
28.4.2018,0.0
29.4.2018,0.0
30.4.2018,0.25
1.6.2018,0.76
2.6.2018,0.0
3.6.2018,38.1
4.6.2018,0.76
5.6.2018,0.25
6.6.2018,7.37
7.6.2018,0.51
8.6.2018,0.76
9.6.2018,2.54
10.6.2018,0.51
11.6.2018,5.33
12.6.2018,3.3
13.6.2018,0.25
14.6.2018,24.13
15.6.2018,6.6
16.6.2018,0.0
17.6.2018,0.0
18.6.2018,2.54
19.6.2018,0.0
20.6.2018,0.0
21.6.2018,0.0
22.6.2018,18.03
23.6.2018,2.79
24.6.2018,6.1
25.6.2018,2.29
26.6.2018,9.65
27.6.2018,0.0
28.6.2018,59.44
29.6.2018,6.86
30.6.2018,7.87
1.1.2018,0.51
2.1.2018,0.0
3.1.2018,0.51
4.1.2018,0.0
5.1.2018,0.0
6.1.2018,0.0
7.1.2018,0.0
8.1.2018,0.51
9.1.2018,2.29
10.1.2018,0.0
11.1.2018,0.25
12.1.2018,1.02
13.1.2018,3.3
14.1.2018,0.0
15.1.2018,0.0
16.1.2018,0.0
17.1.2018,0.51
18.1.2018,3.05
19.1.2018,0.25
20.1.2018,0.0
21.1.2018,0.0
22.1.2018,7.62
23.1.2018,0.0
24.1.2018,0.0
25.1.2018,0.0
26.1.2018,0.0
27.1.2018,0.0
28.1.2018,0.0
29.1.2018,0.51
30.1.2018,1.78
31.1.2018,0.25
1.12.2018,0.0
2.12.2018,0.25
3.12.2018,0.25
4.12.2018,0.0
5.12.2018,3.81
6.12.2018,0.0
7.12.2018,0.25
8.12.2018,3.81
9.12.2018,0.25
10.12.2018,0.51
11.12.2018,4.57
12.12.2018,3.81
13.12.2018,2.29
14.12.2018,0.0
15.12.2018,0.51
16.12.2018,2.79
17.12.2018,0.0
18.12.2018,0.0
19.12.2018,0.0
20.12.2018,0.0
21.12.2018,0.0
22.12.2018,0.0
23.12.2018,5.33
24.12.2018,3.05
25.12.2018,8.89
26.12.2018,5.59
27.12.2018,0.25
28.12.2018,0.25
29.12.2018,5.59
30.12.2018,0.51
31.12.2018,8.38
1.2.2018,0.0
2.2.2018,3.81
3.2.2018,5.08
4.2.2018,0.76
5.2.2018,6.1
6.2.2018,1.78
7.2.2018,0.0
8.2.2018,3.05
9.2.2018,1.52
10.2.2018,0.0
11.2.2018,0.25
12.2.2018,0.0
13.2.2018,1.52
14.2.2018,4.57
15.2.2018,4.57
16.2.2018,0.0
17.2.2018,5.59
18.2.2018,2.03
19.2.2018,0.76
20.2.2018,0.0
21.2.2018,0.25
22.2.2018,0.25
23.2.2018,0.0
24.2.2018,1.02
25.2.2018,1.52
26.2.2018,0.51
27.2.2018,0.0
28.2.2018,1.02
1.11.2018,0.0
2.11.2018,0.0
3.11.2018,1.02
4.11.2018,0.25
5.11.2018,0.0
6.11.2018,0.0
7.11.2018,0.0
8.11.2018,0.0
9.11.2018,0.0
10.11.2018,0.0
11.11.2018,0.0
12.11.2018,0.0
13.11.2018,0.0
14.11.2018,1.52
15.11.2018,0.76
16.11.2018,1.02
17.11.2018,0.0
18.11.2018,1.02
19.11.2018,0.76
20.11.2018,0.51
21.11.2018,0.0
22.11.2018,0.0
23.11.2018,0.0
24.11.2018,0.0
25.11.2018,0.0
26.11.2018,2.29
27.11.2018,8.13
28.11.2018,0.0
29.11.2018,0.0
30.11.2018,0.0
1.5.2018,1.27
2.5.2018,0.25
3.5.2018,0.25
4.5.2018,0.0
5.5.2018,7.37
6.5.2018,0.0
7.5.2018,0.0
8.5.2018,0.51
9.5.2018,19.05
10.5.2018,6.1
11.5.2018,0.0
12.5.2018,9.4
13.5.2018,0.0
14.5.2018,0.0
15.5.2018,1.02
16.5.2018,0.25
17.5.2018,3.3
18.5.2018,21.34
19.5.2018,4.06
20.5.2018,0.0
21.5.2018,0.76
22.5.2018,1.02
23.5.2018,2.54
24.5.2018,6.1
25.5.2018,0.0
26.5.2018,4.57
27.5.2018,0.0
28.5.2018,1.78
29.5.2018,0.0
30.5.2018,0.25
31.5.2018,0.0
1.8.2018,0.51
2.8.2018,1.78
3.8.2018,0.0
4.8.2018,0.0
5.8.2018,2.03
6.8.2018,4.57
7.8.2018,0.0
8.8.2018,0.0
9.8.2018,1.02
10.8.2018,0.0
11.8.2018,5.08
12.8.2018,14.22
13.8.2018,0.0
14.8.2018,16.0
15.8.2018,14.99
16.8.2018,0.0
17.8.2018,0.0
18.8.2018,0.0
19.8.2018,0.0
20.8.2018,0.0
21.8.2018,0.0
22.8.2018,0.0
23.8.2018,0.0
24.8.2018,0.0
25.8.2018,6.86
26.8.2018,14.73
27.8.2018,19.81
28.8.2018,0.0
29.8.2018,0.0
30.8.2018,0.0
31.8.2018,0.0
1.7.2018,0.25
2.7.2018,0.25
3.7.2018,0.0
4.7.2018,0.0
5.7.2018,0.0
6.7.2018,2.03
7.7.2018,14.48
8.7.2018,0.0
9.7.2018,9.91
10.7.2018,10.92
11.7.2018,4.06
12.7.2018,2.03
13.7.2018,0.0
14.7.2018,1.52
15.7.2018,9.14
16.7.2018,0.0
17.7.2018,13.72
18.7.2018,28.96
19.7.2018,81.03
20.7.2018,6.35
21.7.2018,11.43
22.7.2018,0.0
23.7.2018,33.53
24.7.2018,3.3
25.7.2018,0.0
26.7.2018,0.0
27.7.2018,4.83
28.7.2018,4.32
29.7.2018,0.25
30.7.2018,0.0
31.7.2018,6.6
1.8.2019,3.56
2.8.2019,0.25
3.8.2019,0.25
4.8.2019,8.13
5.8.2019,2.03
6.8.2019,9.14
7.8.2019,0.0
8.8.2019,9.4
9.8.2019,0.0
10.8.2019,0.0
11.8.2019,44.45
12.8.2019,0.0
13.8.2019,19.81
14.8.2019,25.65
15.8.2019,10.92
16.8.2019,0.0
17.8.2019,0.25
18.8.2019,0.0
19.8.2019,0.0
20.8.2019,2.03
21.8.2019,3.05
22.8.2019,7.37
23.8.2019,1.02
24.8.2019,0.0
25.8.2019,0.0
26.8.2019,0.0
27.8.2019,0.51
28.8.2019,0.0
29.8.2019,2.03
30.8.2019,41.91
31.8.2019,0.25
1.2.2019,0.0
2.2.2019,0.25
3.2.2019,0.76
4.2.2019,4.83
5.2.2019,0.0
6.2.2019,0.0
7.2.2019,0.0
8.2.2019,0.0
9.2.2019,0.0
10.2.2019,0.0
11.2.2019,1.78
12.2.2019,3.3
13.2.2019,3.56
14.2.2019,0.51
15.2.2019,0.0
16.2.2019,0.0
17.2.2019,0.0
18.2.2019,0.0
19.2.2019,0.0
20.2.2019,0.51
21.2.2019,0.0
22.2.2019,9.91
23.2.2019,2.54
24.2.2019,0.0
25.2.2019,0.0
26.2.2019,0.0
27.2.2019,0.51
28.2.2019,0.0
1.6.2019,0.0
2.6.2019,0.25
3.6.2019,0.0
4.6.2019,1.02
5.6.2019,0.0
6.6.2019,11.94
7.6.2019,6.1
8.6.2019,0.0
9.6.2019,0.0
10.6.2019,0.0
11.6.2019,0.0
12.6.2019,0.0
13.6.2019,0.0
14.6.2019,0.0
15.6.2019,0.0
16.6.2019,1.78
17.6.2019,14.22
18.6.2019,23.62
19.6.2019,6.1
20.6.2019,16.26
21.6.2019,21.08
22.6.2019,0.51
23.6.2019,11.68
24.6.2019,2.03
25.6.2019,0.0
26.6.2019,0.0
27.6.2019,0.0
28.6.2019,0.0
29.6.2019,0.0
30.6.2019,0.0
1.4.2019,0.0
2.4.2019,0.0
3.4.2019,0.0
4.4.2019,0.0
5.4.2019,0.0
6.4.2019,0.0
7.4.2019,5.84
8.4.2019,0.0
9.4.2019,0.0
10.4.2019,0.0
11.4.2019,0.0
12.4.2019,1.27
13.4.2019,0.51
14.4.2019,0.51
15.4.2019,0.0
16.4.2019,0.0
17.4.2019,1.78
18.4.2019,1.52
19.4.2019,0.0
20.4.2019,0.0
21.4.2019,0.0
22.4.2019,0.0
23.4.2019,0.0
24.4.2019,0.25
25.4.2019,0.0
26.4.2019,0.0
27.4.2019,0.0
28.4.2019,28.7
29.4.2019,21.84
30.4.2019,7.11
1.7.2019,3.05
2.7.2019,1.02
3.7.2019,0.0
4.7.2019,0.0
5.7.2019,0.0
6.7.2019,0.0
7.7.2019,1.02
8.7.2019,0.0
9.7.2019,0.0
10.7.2019,0.25
11.7.2019,1.52
12.7.2019,5.33
13.7.2019,0.0
14.7.2019,18.29
15.7.2019,1.27
16.7.2019,0.0
17.7.2019,0.0
18.7.2019,0.0
19.7.2019,
20.7.2019,0.25
21.7.2019,0.0
22.7.2019,17.27
23.7.2019,0.51
24.7.2019,6.6
25.7.2019,0.25
26.7.2019,0.0
27.7.2019,8.38
28.7.2019,1.02
29.7.2019,3.81
30.7.2019,7.37
31.7.2019,17.02
1.1.2019,3.56
2.1.2019,3.3
3.1.2019,12.7
4.1.2019,9.14
5.1.2019,3.05
6.1.2019,9.4
7.1.2019,2.79
8.1.2019,0.0
9.1.2019,5.59
10.1.2019,3.05
11.1.2019,5.59
12.1.2019,0.76
13.1.2019,0.25
14.1.2019,3.05
15.1.2019,5.08
16.1.2019,10.16
17.1.2019,2.29
18.1.2019,0.25
19.1.2019,1.27
20.1.2019,0.0
21.1.2019,0.0
22.1.2019,0.0
23.1.2019,0.0
24.1.2019,0.0
25.1.2019,0.51
26.1.2019,0.0
27.1.2019,0.0
28.1.2019,0.0
29.1.2019,2.79
30.1.2019,0.0
31.1.2019,0.0
1.11.2019,0.0
2.11.2019,0.0
3.11.2019,0.0
4.11.2019,5.59
5.11.2019,7.37
6.11.2019,19.3
7.11.2019,3.3
8.11.2019,0.0
9.11.2019,3.05
10.11.2019,17.02
11.11.2019,6.1
12.11.2019,6.1
13.11.2019,29.97
14.11.2019,28.45
15.11.2019,0.0
16.11.2019,0.0
17.11.2019,0.51
18.11.2019,0.0
19.11.2019,0.51
20.11.2019,0.0
21.11.2019,0.0
22.11.2019,1.52
23.11.2019,0.0
24.11.2019,0.0
25.11.2019,0.0
26.11.2019,0.0
27.11.2019,0.0
28.11.2019,0.25
29.11.2019,0.25
30.11.2019,2.79
1.3.2019,1.02
2.3.2019,2.54
3.3.2019,0.0
4.3.2019,0.0
5.3.2019,2.03
6.3.2019,4.57
7.3.2019,0.0
8.3.2019,0.0
9.3.2019,0.0
10.3.2019,1.02
11.3.2019,7.87
12.3.2019,5.59
13.3.2019,0.51
14.3.2019,0.0
15.3.2019,0.0
16.3.2019,7.62
17.3.2019,0.0
18.3.2019,1.78
19.3.2019,1.78
20.3.2019,0.0
21.3.2019,0.0
22.3.2019,0.0
23.3.2019,0.0
24.3.2019,0.0
25.3.2019,2.03
26.3.2019,5.08
27.3.2019,1.78
28.3.2019,0.0
29.3.2019,0.0
30.3.2019,0.0
31.3.2019,0.0
1.9.2019,0.0
2.9.2019,3.05
3.9.2019,16.51
4.9.2019,7.87
5.9.2019,0.0
6.9.2019,0.51
7.9.2019,0.0
8.9.2019,5.08
9.9.2019,10.16
10.9.2019,18.03
11.9.2019,0.0
12.9.2019,0.0
13.9.2019,0.0
14.9.2019,1.02
15.9.2019,0.0
16.9.2019,0.0
17.9.2019,3.3
18.9.2019,0.0
19.9.2019,1.52
20.9.2019,0.51
21.9.2019,0.0
22.9.2019,0.0
23.9.2019,0.51
24.9.2019,0.0
25.9.2019,1.27
26.9.2019,0.25
27.9.2019,0.0
28.9.2019,0.0
29.9.2019,0.76
30.9.2019,0.0
1.5.2019,21.59
2.5.2019,3.81
3.5.2019,0.0
4.5.2019,6.1
5.5.2019,0.0
6.5.2019,14.48
7.5.2019,9.4
8.5.2019,0.25
9.5.2019,1.27
10.5.2019,4.57
11.5.2019,1.78
12.5.2019,0.0
13.5.2019,7.87
14.5.2019,8.38
15.5.2019,11.18
16.5.2019,10.41
17.5.2019,0.0
18.5.2019,0.76
19.5.2019,0.0
20.5.2019,2.54
21.5.2019,0.0
22.5.2019,6.86
23.5.2019,23.11
24.5.2019,15.49
25.5.2019,4.83
26.5.2019,0.0
27.5.2019,0.0
28.5.2019,0.25
29.5.2019,1.27
30.5.2019,12.19
31.5.2019,11.43
1.10.2019,5.33
2.10.2019,0.0
3.10.2019,29.72
4.10.2019,0.25
5.10.2019,0.0
6.10.2019,14.22
7.10.2019,1.78
8.10.2019,0.0
9.10.2019,3.3
10.10.2019,3.81
11.10.2019,1.02
12.10.2019,0.0
13.10.2019,0.0
14.10.2019,0.0
15.10.2019,0.0
16.10.2019,0.0
17.10.2019,0.0
18.10.2019,0.0
19.10.2019,0.0
20.10.2019,0.0
21.10.2019,0.0
22.10.2019,0.0
23.10.2019,0.0
24.10.2019,0.0
25.10.2019,0.0
26.10.2019,0.0
27.10.2019,0.0
28.10.2019,0.0
29.10.2019,2.54
30.10.2019,0.0
31.10.2019,0.0
1.12.2019,0.25
2.12.2019,0.0
3.12.2019,1.02
4.12.2019,1.52
5.12.2019,0.0
6.12.2019,0.0
7.12.2019,0.25
8.12.2019,0.0
9.12.2019,0.0
10.12.2019,0.51
11.12.2019,1.78
12.12.2019,0.0
13.12.2019,0.76
14.12.2019,0.0
15.12.2019,0.0
16.12.2019,0.0
17.12.2019,0.0
18.12.2019,0.0
19.12.2019,0.0
20.12.2019,0.0
21.12.2019,0.0
22.12.2019,4.06
23.12.2019,11.68
24.12.2019,29.21
25.12.2019,2.79
26.12.2019,6.6
27.12.2019,2.79
28.12.2019,11.18
29.12.2019,4.06
30.12.2019,1.02
31.12.2019,0.0
1.12.2020,1.02
2.12.2020,0.0
3.12.2020,0.0
4.12.2020,0.0
5.12.2020,0.0
6.12.2020,0.0
7.12.2020,0.0
8.12.2020,0.0
9.12.2020,0.0
10.12.2020,1.02
11.12.2020,0.0
12.12.2020,0.0
13.12.2020,0.0
14.12.2020,0.0
15.12.2020,0.0
16.12.2020,0.0
17.12.2020,0.0
18.12.2020,0.0
19.12.2020,0.0
20.12.2020,0.0
21.12.2020,0.0
22.12.2020,0.0
23.12.2020,1.52
24.12.2020,6.1
25.12.2020,6.35
26.12.2020,2.03
27.12.2020,0.0
28.12.2020,0.76
29.12.2020,6.86
30.12.2020,6.1
31.12.2020,1.02
1.3.2020,0.0
2.3.2020,0.51
3.3.2020,0.0
4.3.2020,5.33
5.3.2020,8.89
6.3.2020,0.51
7.3.2020,0.0
8.3.2020,0.25
9.3.2020,0.25
10.3.2020,0.0
11.3.2020,0.51
12.3.2020,2.03
13.3.2020,0.0
14.3.2020,0.0
15.3.2020,0.0
16.3.2020,0.0
17.3.2020,0.0
18.3.2020,0.0
19.3.2020,0.0
20.3.2020,0.0
21.3.2020,1.78
22.3.2020,13.21
23.3.2020,4.83
24.3.2020,2.29
25.3.2020,0.0
26.3.2020,0.0
27.3.2020,0.0
28.3.2020,0.0
29.3.2020,0.0
30.3.2020,3.05
31.3.2020,0.76
1.6.2020,23.11
2.6.2020,2.29
3.6.2020,1.02
4.6.2020,0.0
5.6.2020,1.02
6.6.2020,6.6
7.6.2020,0.0
8.6.2020,1.02
9.6.2020,3.05
10.6.2020,0.0
11.6.2020,4.32
12.6.2020,1.27
13.6.2020,2.54
14.6.2020,0.0
15.6.2020,0.25
16.6.2020,1.52
17.6.2020,9.4
18.6.2020,11.68
19.6.2020,3.81
20.6.2020,23.62
21.6.2020,15.24
22.6.2020,25.15
23.6.2020,22.61
24.6.2020,0.0
25.6.2020,0.0
26.6.2020,1.02
27.6.2020,2.29
28.6.2020,1.27
29.6.2020,0.0
30.6.2020,3.81
1.4.2020,0.0
2.4.2020,0.0
3.4.2020,0.0
4.4.2020,0.0
5.4.2020,0.0
6.4.2020,0.0
7.4.2020,0.0
8.4.2020,0.0
9.4.2020,0.0
10.4.2020,0.0
11.4.2020,0.0
12.4.2020,0.0
13.4.2020,0.0
14.4.2020,8.38
15.4.2020,0.76
16.4.2020,0.0
17.4.2020,0.0
18.4.2020,0.0
19.4.2020,0.0
20.4.2020,0.0
21.4.2020,0.0
22.4.2020,0.0
23.4.2020,0.0
24.4.2020,0.0
25.4.2020,0.0
26.4.2020,7.62
27.4.2020,0.0
28.4.2020,0.0
29.4.2020,0.0
30.4.2020,7.62
1.7.2020,0.0
2.7.2020,2.03
3.7.2020,6.1
4.7.2020,16.26
5.7.2020,0.0
6.7.2020,5.08
7.7.2020,12.19
8.7.2020,0.0
9.7.2020,2.29
10.7.2020,0.0
11.7.2020,14.99
12.7.2020,5.59
13.7.2020,0.0
14.7.2020,0.0
15.7.2020,0.0
16.7.2020,0.25
17.7.2020,13.72
18.7.2020,26.42
19.7.2020,3.3
20.7.2020,0.0
21.7.2020,1.02
22.7.2020,0.0
23.7.2020,0.0
24.7.2020,0.0
25.7.2020,5.08
26.7.2020,5.08
27.7.2020,0.51
28.7.2020,0.0
29.7.2020,3.56
30.7.2020,0.0
31.7.2020,0.0
1.9.2020,24.89
2.9.2020,3.81
3.9.2020,0.0
4.9.2020,1.78
5.9.2020,0.0
6.9.2020,6.86
7.9.2020,45.97
8.9.2020,3.81
9.9.2020,0.0
10.9.2020,0.0
11.9.2020,0.0
12.9.2020,0.0
13.9.2020,0.0
14.9.2020,0.0
15.9.2020,0.0
16.9.2020,0.0
17.9.2020,5.08
18.9.2020,0.0
19.9.2020,0.0
20.9.2020,0.0
21.9.2020,0.0
22.9.2020,0.0
23.9.2020,1.02
24.9.2020,12.95
25.9.2020,0.0
26.9.2020,9.4
27.9.2020,7.11
28.9.2020,0.76
29.9.2020,10.67
30.9.2020,13.21
1.5.2020,0.25
2.5.2020,3.81
3.5.2020,0.51
4.5.2020,0.76
5.5.2020,0.25
6.5.2020,3.56
7.5.2020,21.34
8.5.2020,0.0
9.5.2020,0.0
10.5.2020,0.0
11.5.2020,0.0
12.5.2020,2.29
13.5.2020,0.51
14.5.2020,11.94
15.5.2020,2.29
16.5.2020,12.19
17.5.2020,0.0
18.5.2020,0.0
19.5.2020,0.0
20.5.2020,0.0
21.5.2020,0.0
22.5.2020,0.0
23.5.2020,0.0
24.5.2020,21.59
25.5.2020,7.62
26.5.2020,7.87
27.5.2020,14.99
28.5.2020,6.6
29.5.2020,16.51
30.5.2020,4.83
31.5.2020,21.08
1.2.2020,3.56
2.2.2020,2.79
3.2.2020,13.21
4.2.2020,6.1
5.2.2020,22.1
6.2.2020,3.56
7.2.2020,3.3
8.2.2020,2.29
9.2.2020,0.0
10.2.2020,0.0
11.2.2020,1.78
12.2.2020,2.29
13.2.2020,1.78
14.2.2020,0.0
15.2.2020,0.76
16.2.2020,0.0
17.2.2020,0.0
18.2.2020,2.54
19.2.2020,0.0
20.2.2020,1.02
21.2.2020,0.25
22.2.2020,3.81
23.2.2020,0.0
24.2.2020,11.94
25.2.2020,0.51
26.2.2020,0.0
27.2.2020,0.25
28.2.2020,4.32
29.2.2020,4.32
1.1.2020,0.0
2.1.2020,0.0
3.1.2020,0.0
4.1.2020,4.06
5.1.2020,8.38
6.1.2020,3.3
7.1.2020,0.0
8.1.2020,0.0
9.1.2020,4.83
10.1.2020,1.02
11.1.2020,0.0
12.1.2020,0.76
13.1.2020,0.0
14.1.2020,0.0
15.1.2020,0.0
16.1.2020,0.0
17.1.2020,0.0
18.1.2020,0.0
19.1.2020,1.02
20.1.2020,3.81
21.1.2020,0.0
22.1.2020,0.0
23.1.2020,0.25
24.1.2020,0.0
25.1.2020,0.0
26.1.2020,0.0
27.1.2020,0.0
28.1.2020,0.51
29.1.2020,1.52
30.1.2020,1.02
31.1.2020,1.02
1.11.2020,0.0
2.11.2020,0.76
3.11.2020,3.81
4.11.2020,1.27
5.11.2020,16.51
6.11.2020,0.0
7.11.2020,0.0
8.11.2020,0.0
9.11.2020,0.0
10.11.2020,0.0
11.11.2020,0.0
12.11.2020,0.0
13.11.2020,0.0
14.11.2020,0.0
15.11.2020,0.0
16.11.2020,
17.11.2020,0.0
18.11.2020,0.0
19.11.2020,0.0
20.11.2020,5.84
21.11.2020,0.76
22.11.2020,0.0
23.11.2020,0.51
24.11.2020,0.0
25.11.2020,0.0
26.11.2020,0.0
27.11.2020,0.0
28.11.2020,1.52
29.11.2020,2.03
30.11.2020,4.83
1.10.2020,33.02
2.10.2020,9.91
3.10.2020,0.0
4.10.2020,2.03
5.10.2020,1.78
6.10.2020,3.3
7.10.2020,0.0
8.10.2020,18.54
9.10.2020,1.52
10.10.2020,0.0
11.10.2020,9.65
12.10.2020,3.56
13.10.2020,35.31
14.10.2020,20.57
15.10.2020,0.0
16.10.2020,2.54
17.10.2020,5.59
18.10.2020,2.54
19.10.2020,0.0
20.10.2020,0.0
21.10.2020,0.0
22.10.2020,0.0
23.10.2020,0.0
24.10.2020,0.0
25.10.2020,0.0
26.10.2020,0.25
27.10.2020,0.0
28.10.2020,0.0
29.10.2020,0.0
30.10.2020,3.3
31.10.2020,10.16
1.8.2020,0.0
2.8.2020,0.0
3.8.2020,0.0
4.8.2020,5.59
5.8.2020,11.18
6.8.2020,3.05
7.8.2020,0.0
8.8.2020,0.0
9.8.2020,0.0
10.8.2020,0.0
11.8.2020,0.0
12.8.2020,0.0
13.8.2020,0.0
14.8.2020,2.03
15.8.2020,0.0
16.8.2020,1.02
17.8.2020,2.79
18.8.2020,3.05
19.8.2020,22.1
20.8.2020,25.91
21.8.2020,0.0
22.8.2020,
23.8.2020,6.86
24.8.2020,12.95
25.8.2020,1.52
26.8.2020,0.0
27.8.2020,0.0
28.8.2020,0.0
29.8.2020,0.0
30.8.2020,6.1
31.8.2020,0.0
1.9.2021,60.71
2.9.2021,10.41
3.9.2021,0.0
4.9.2021,0.0
5.9.2021,0.0
6.9.2021,0.0
7.9.2021,0.0
8.9.2021,0.0
9.9.2021,0.0
10.9.2021,0.0
11.9.2021,0.0
12.9.2021,2.03
13.9.2021,1.02
14.9.2021,0.0
15.9.2021,0.0
16.9.2021,3.05
17.9.2021,7.11
18.9.2021,17.02
19.9.2021,7.11
20.9.2021,0.0
21.9.2021,0.76
22.9.2021,4.83
23.9.2021,1.52
24.9.2021,0.76
25.9.2021,0.0
26.9.2021,0.0
27.9.2021,0.0
28.9.2021,0.0
29.9.2021,0.0
30.9.2021,10.92
1.10.2021,22.61
2.10.2021,0.0
3.10.2021,0.0
4.10.2021,0.0
5.10.2021,0.0
6.10.2021,0.0
7.10.2021,3.81
8.10.2021,0.0
9.10.2021,0.0
10.10.2021,0.0
11.10.2021,0.0
12.10.2021,0.51
13.10.2021,4.06
14.10.2021,6.1
15.10.2021,0.0
16.10.2021,0.0
17.10.2021,0.0
18.10.2021,
19.10.2021,0.0
20.10.2021,0.0
21.10.2021,
22.10.2021,0.0
23.10.2021,0.51
24.10.2021,0.0
25.10.2021,0.0
26.10.2021,0.0
27.10.2021,0.0
28.10.2021,0.0
29.10.2021,0.0
30.10.2021,0.0
31.10.2021,0.0
1.8.2021,14.22
2.8.2021,14.73
3.8.2021,1.78
4.8.2021,2.54
5.8.2021,6.35
6.8.2021,40.64
7.8.2021,1.02
8.8.2021,0.0
9.8.2021,5.84
10.8.2021,0.0
11.8.2021,0.25
12.8.2021,0.0
13.8.2021,0.0
14.8.2021,0.0
15.8.2021,0.0
16.8.2021,0.0
17.8.2021,8.89
18.8.2021,1.02
19.8.2021,0.0
20.8.2021,0.0
21.8.2021,0.0
22.8.2021,0.0
23.8.2021,12.95
24.8.2021,24.38
25.8.2021,23.11
26.8.2021,0.0
27.8.2021,5.59
28.8.2021,13.21
29.8.2021,3.3
30.8.2021,47.24
31.8.2021,13.97
1.1.2021,0.0
2.1.2021,0.0
3.1.2021,0.0
4.1.2021,0.0
5.1.2021,5.59
6.1.2021,1.78
7.1.2021,3.56
8.1.2021,1.02
9.1.2021,0.0
10.1.2021,0.0
11.1.2021,0.0
12.1.2021,0.0
13.1.2021,1.27
14.1.2021,2.54
15.1.2021,9.65
16.1.2021,3.56
17.1.2021,5.08
18.1.2021,0.0
19.1.2021,0.51
20.1.2021,0.51
21.1.2021,0.0
22.1.2021,0.0
23.1.2021,0.25
24.1.2021,1.78
25.1.2021,6.1
26.1.2021,7.11
27.1.2021,0.51
28.1.2021,1.02
29.1.2021,0.51
30.1.2021,4.06
31.1.2021,0.51
1.11.2021,0.0
2.11.2021,0.0
3.11.2021,10.41
4.11.2021,0.0
5.11.2021,3.05
6.11.2021,0.0
7.11.2021,0.0
8.11.2021,0.0
9.11.2021,0.0
10.11.2021,0.0
11.11.2021,0.0
12.11.2021,0.0
13.11.2021,0.0
14.11.2021,0.0
15.11.2021,0.0
16.11.2021,0.0
17.11.2021,0.0
18.11.2021,0.0
19.11.2021,0.0
20.11.2021,0.51
21.11.2021,0.0
22.11.2021,8.13
23.11.2021,6.1
24.11.2021,0.0
25.11.2021,0.0
26.11.2021,0.0
27.11.2021,4.32
28.11.2021,0.0
29.11.2021,4.83
30.11.2021,4.32
1.6.2021,7.87
2.6.2021,0.0
3.6.2021,0.0
4.6.2021,0.0
5.6.2021,6.1
6.6.2021,0.0
7.6.2021,0.0
8.6.2021,0.0
9.6.2021,0.0
10.6.2021,0.0
11.6.2021,0.0
12.6.2021,0.0
13.6.2021,16.0
14.6.2021,2.29
15.6.2021,0.0
16.6.2021,0.0
17.6.2021,0.0
18.6.2021,0.0
19.6.2021,0.0
20.6.2021,0.0
21.6.2021,7.87
22.6.2021,0.0
23.6.2021,6.1
24.6.2021,0.25
25.6.2021,1.27
26.6.2021,19.81
27.6.2021,7.11
28.6.2021,0.0
29.6.2021,0.0
30.6.2021,2.03
1.2.2021,0.0
2.2.2021,0.0
3.2.2021,0.0
4.2.2021,0.76
5.2.2021,1.78
6.2.2021,2.03
7.2.2021,4.32
8.2.2021,2.03
9.2.2021,3.56
10.2.2021,5.08
13.2.2021,1.02
14.2.2021,1.52
15.2.2021,0.0
16.2.2021,1.02
17.2.2021,5.08
18.2.2021,10.67
19.2.2021,1.52
20.2.2021,0.0
21.2.2021,0.0
22.2.2021,0.0
23.2.2021,0.0
24.2.2021,0.0
25.2.2021,0.0
26.2.2021,0.0
27.2.2021,6.1
28.2.2021,0.51
1.3.2021,0.0
2.3.2021,0.0
3.3.2021,0.0
4.3.2021,2.03
5.3.2021,6.6
6.3.2021,3.56
7.3.2021,0.0
8.3.2021,0.76
9.3.2021,0.0
10.3.2021,0.0
11.3.2021,0.76
12.3.2021,3.05
13.3.2021,0.51
14.3.2021,0.0
15.3.2021,0.0
16.3.2021,0.0
17.3.2021,3.81
18.3.2021,1.78
19.3.2021,0.76
20.3.2021,0.51
21.3.2021,2.29
22.3.2021,2.03
23.3.2021,1.02
24.3.2021,6.6
25.3.2021,1.27
26.3.2021,0.0
27.3.2021,
28.3.2021,1.27
29.3.2021,0.0
30.3.2021,3.3
31.3.2021,1.78
1.4.2021,0.0
2.4.2021,13.97
3.4.2021,0.25
4.4.2021,8.13
5.4.2021,0.0
6.4.2021,8.89
7.4.2021,0.0
8.4.2021,1.27
9.4.2021,3.56
10.4.2021,0.0
11.4.2021,0.51
12.4.2021,0.51
13.4.2021,10.16
14.4.2021,17.53
15.4.2021,4.06
16.4.2021,2.79
17.4.2021,1.27
18.4.2021,0.0
19.4.2021,1.27
20.4.2021,2.03
21.4.2021,3.3
22.4.2021,1.78
23.4.2021,2.79
24.4.2021,0.76
25.4.2021,0.0
26.4.2021,0.0
27.4.2021,0.0
28.4.2021,0.0
29.4.2021,0.0
30.4.2021,3.3
1.7.2021,8.64
2.7.2021,8.89
3.7.2021,2.79
4.7.2021,0.0
5.7.2021,0.0
6.7.2021,0.0
7.7.2021,0.0
8.7.2021,0.0
9.7.2021,0.51
10.7.2021,0.51
11.7.2021,3.05
12.7.2021,7.87
13.7.2021,0.25
14.7.2021,
15.7.2021,21.84
16.7.2021,12.95
17.7.2021,20.32
18.7.2021,0.51
19.7.2021,49.78
20.7.2021,3.81
21.7.2021,5.84
22.7.2021,0.0
23.7.2021,0.0
24.7.2021,0.0
25.7.2021,1.02
26.7.2021,14.48
27.7.2021,2.79
28.7.2021,0.0
29.7.2021,3.05
30.7.2021,0.51
31.7.2021,0.0
1.5.2021,1.02
2.5.2021,6.6
3.5.2021,6.1
4.5.2021,0.25
5.5.2021,0.0
6.5.2021,12.19
7.5.2021,0.0
8.5.2021,4.83
9.5.2021,0.0
10.5.2021,0.0
11.5.2021,0.0
12.5.2021,0.0
13.5.2021,0.51
14.5.2021,17.53
15.5.2021,1.02
16.5.2021,1.78
17.5.2021,5.59
18.5.2021,42.16
19.5.2021,13.97
20.5.2021,2.29
21.5.2021,1.02
22.5.2021,0.0
23.5.2021,0.0
24.5.2021,9.65
25.5.2021,2.79
26.5.2021,6.86
27.5.2021,0.0
28.5.2021,1.52
29.5.2021,0.25
30.5.2021,13.21
31.5.2021,9.4
1.12.2021,2.03
2.12.2021,0.0
3.12.2021,7.37
4.12.2021,0.0
5.12.2021,0.51
6.12.2021,3.81
7.12.2021,1.78
8.12.2021,1.78
9.12.2021,0.0
10.12.2021,4.83
11.12.2021,0.0
12.12.2021,1.52
13.12.2021,0.0
14.12.2021,
15.12.2021,1.02
16.12.2021,0.0
17.12.2021,3.05
18.12.2021,8.38
19.12.2021,1.02
20.12.2021,4.06
21.12.2021,6.6
22.12.2021,2.29
23.12.2021,0.25
24.12.2021,1.02
25.12.2021,1.78
26.12.2021,6.6
27.12.2021,0.0
28.12.2021,0.0
29.12.2021,0.0
30.12.2021,0.0
31.12.2021,0.0
1.1.2022,3.3
2.1.2022,11.43
3.1.2022,0.0
4.1.2022,2.54
5.1.2022,0.51
6.1.2022,3.56
7.1.2022,1.27
8.1.2022,0.0
9.1.2022,0.0
10.1.2022,0.0
11.1.2022,0.0
12.1.2022,0.0
13.1.2022,0.0
14.1.2022,0.51
15.1.2022,1.78
16.1.2022,0.0
17.1.2022,0.0
18.1.2022,5.08
19.1.2022,0.51
20.1.2022,0.0
21.1.2022,2.79
22.1.2022,8.89
23.1.2022,5.08
24.1.2022,0.76
25.1.2022,0.0
26.1.2022,0.0
27.1.2022,0.0
28.1.2022,0.76
29.1.2022,16.51
30.1.2022,0.25
31.1.2022,7.87
1.4.2022,7.37
2.4.2022,7.11
3.4.2022,1.02
4.4.2022,0.51
5.4.2022,0.0
6.4.2022,0.0
7.4.2022,
8.4.2022,0.76
9.4.2022,3.05
10.4.2022,4.57
11.4.2022,0.25
12.4.2022,0.25
13.4.2022,0.0
14.4.2022,0.0
15.4.2022,
16.4.2022,14.48
17.4.2022,0.51
18.4.2022,0.51
19.4.2022,1.02
20.4.2022,0.0
21.4.2022,0.0
22.4.2022,0.51
23.4.2022,0.25
24.4.2022,0.0
25.4.2022,0.25
26.4.2022,5.08
27.4.2022,1.52
28.4.2022,1.52
29.4.2022,0.0
30.4.2022,0.0
1.3.2022,0.51
2.3.2022,0.0
3.3.2022,0.0
4.3.2022,0.0
5.3.2022,1.02
6.3.2022,0.76
7.3.2022,0.25
8.3.2022,3.05
9.3.2022,0.76
10.3.2022,3.3
11.3.2022,0.0
12.3.2022,0.0
13.3.2022,0.0
14.3.2022,0.0
15.3.2022,0.0
16.3.2022,4.06
17.3.2022,0.76
18.3.2022,0.0
19.3.2022,0.0
20.3.2022,0.0
21.3.2022,0.0
22.3.2022,0.0
23.3.2022,0.0
24.3.2022,0.0
25.3.2022,0.0
26.3.2022,0.0
27.3.2022,1.52
28.3.2022,0.0
29.3.2022,0.0
30.3.2022,1.78
31.3.2022,1.78
1.5.2022,0.0
2.5.2022,0.0
3.5.2022,0.0
4.5.2022,0.25
5.5.2022,0.0
6.5.2022,21.59
7.5.2022,8.89
8.5.2022,8.38
9.5.2022,8.38
10.5.2022,0.0
11.5.2022,0.0
12.5.2022,0.0
13.5.2022,0.0
14.5.2022,0.51
15.5.2022,0.0
16.5.2022,0.0
17.5.2022,0.51
18.5.2022,8.38
19.5.2022,0.0
20.5.2022,0.0
21.5.2022,1.02
22.5.2022,0.0
23.5.2022,0.0
24.5.2022,0.0
25.5.2022,1.27
26.5.2022,5.84
27.5.2022,0.0
28.5.2022,6.6
29.5.2022,0.25
30.5.2022,0.0
31.5.2022,0.0
1.6.2022,0.0
2.6.2022,0.0
3.6.2022,0.0
4.6.2022,0.76
5.6.2022,1.52
6.6.2022,0.0
7.6.2022,0.0
8.6.2022,2.03
9.6.2022,5.08
10.6.2022,4.32
11.6.2022,4.57
12.6.2022,0.0
13.6.2022,8.89
14.6.2022,0.0
15.6.2022,0.0
16.6.2022,12.95
17.6.2022,1.52
18.6.2022,0.0
19.6.2022,0.0
20.6.2022,0.0
21.6.2022,1.02
22.6.2022,0.0
23.6.2022,0.0
24.6.2022,0.0
25.6.2022,0.76
26.6.2022,0.0
27.6.2022,5.08
28.6.2022,7.11
29.6.2022,23.88
30.6.2022,0.0
1.10.2022,3.56
2.10.2022,4.32
3.10.2022,7.87
4.10.2022,17.53
5.10.2022,1.52
6.10.2022,0.0
7.10.2022,0.0
8.10.2022,0.0
9.10.2022,0.76
10.10.2022,0.0
11.10.2022,0.51
12.10.2022,0.0
13.10.2022,0.0
14.10.2022,3.05
15.10.2022,0.0
16.10.2022,0.25
17.10.2022,0.0
18.10.2022,0.0
19.10.2022,3.81
20.10.2022,0.25
21.10.2022,0.0
22.10.2022,0.0
23.10.2022,5.33
24.10.2022,0.0
25.10.2022,3.05
26.10.2022,0.0
27.10.2022,0.0
28.10.2022,0.0
29.10.2022,0.0
30.10.2022,0.0
31.10.2022,0.0
1.9.2022,0.0
2.9.2022,0.0
3.9.2022,0.0
4.9.2022,0.76
5.9.2022,0.51
6.9.2022,0.0
7.9.2022,0.76
8.9.2022,4.06
9.9.2022,2.03
10.9.2022,5.08
11.9.2022,2.79
12.9.2022,18.03
13.9.2022,0.0
14.9.2022,0.0
15.9.2022,7.87
16.9.2022,7.87
17.9.2022,1.52
18.9.2022,17.78
19.9.2022,4.06
20.9.2022,7.11
21.9.2022,10.92
22.9.2022,5.59
23.9.2022,1.27
24.9.2022,0.0
25.9.2022,0.51
26.9.2022,1.52
27.9.2022,2.03
28.9.2022,1.02
29.9.2022,2.79
30.9.2022,1.52
1.2.2022,1.02
2.2.2022,0.76
3.2.2022,11.43
4.2.2022,0.51
5.2.2022,0.0
6.2.2022,1.52
7.2.2022,0.0
8.2.2022,12.19
9.2.2022,3.81
10.2.2022,0.0
11.2.2022,0.0
12.2.2022,1.78
13.2.2022,0.0
14.2.2022,0.0
15.2.2022,0.0
16.2.2022,0.25
17.2.2022,0.51
18.2.2022,12.95
19.2.2022,0.51
20.2.2022,0.0
21.2.2022,0.0
22.2.2022,0.51
23.2.2022,0.76
24.2.2022,1.02
25.2.2022,0.0
26.2.2022,0.76
27.2.2022,0.25
28.2.2022,1.02
1.8.2022,16.0
2.8.2022,0.0
3.8.2022,0.0
4.8.2022,0.0
5.8.2022,0.0
6.8.2022,12.95
7.8.2022,4.06
8.8.2022,0.0
9.8.2022,0.0
10.8.2022,0.0
11.8.2022,3.05
12.8.2022,0.0
13.8.2022,6.1
14.8.2022,3.3
15.8.2022,0.0
16.8.2022,0.25
17.8.2022,0.0
18.8.2022,0.0
19.8.2022,0.0
20.8.2022,0.0
21.8.2022,27.69
22.8.2022,23.62
23.8.2022,12.7
24.8.2022,5.33
25.8.2022,0.0
26.8.2022,0.51
27.8.2022,0.0
28.8.2022,0.51
29.8.2022,4.32
30.8.2022,0.51
31.8.2022,0.0
1.12.2022,0.0
2.12.2022,0.0
3.12.2022,0.0
4.12.2022,0.0
5.12.2022,0.0
6.12.2022,1.27
7.12.2022,5.33
8.12.2022,0.0
9.12.2022,0.0
10.12.2022,3.05
11.12.2022,14.22
12.12.2022,6.35
13.12.2022,1.02
14.12.2022,0.0
15.12.2022,0.0
16.12.2022,0.51
17.12.2022,1.02
18.12.2022,1.02
19.12.2022,0.0
20.12.2022,0.0
21.12.2022,0.0
22.12.2022,0.0
23.12.2022,0.0
24.12.2022,1.27
25.12.2022,3.05
26.12.2022,0.0
27.12.2022,0.25
28.12.2022,3.05
29.12.2022,0.0
30.12.2022,0.0
31.12.2022,0.0
1.7.2022,0.0
2.7.2022,8.13
3.7.2022,1.02
4.7.2022,0.0
5.7.2022,0.0
6.7.2022,33.27
7.7.2022,0.51
8.7.2022,4.32
9.7.2022,11.68
10.7.2022,0.25
11.7.2022,4.57
12.7.2022,2.79
13.7.2022,7.62
14.7.2022,0.0
15.7.2022,4.32
16.7.2022,0.0
17.7.2022,2.79
18.7.2022,0.0
19.7.2022,0.0
20.7.2022,0.0
21.7.2022,0.0
22.7.2022,29.97
23.7.2022,7.11
24.7.2022,30.23
25.7.2022,0.0
26.7.2022,30.99
27.7.2022,0.0
28.7.2022,12.7
29.7.2022,0.0
30.7.2022,7.87
31.7.2022,5.08
1.11.2022,0.0
2.11.2022,0.0
3.11.2022,0.0
4.11.2022,0.0
5.11.2022,3.3
6.11.2022,16.76
7.11.2022,0.25
8.11.2022,0.0
9.11.2022,0.0
10.11.2022,0.0
11.11.2022,0.0
12.11.2022,0.0
13.11.2022,0.0
14.11.2022,0.0
15.11.2022,2.03
16.11.2022,6.35
17.11.2022,5.08
18.11.2022,0.51
19.11.2022,5.84
20.11.2022,0.0
21.11.2022,0.0
22.11.2022,0.0
23.11.2022,0.0
24.11.2022,0.76
25.11.2022,1.02
26.11.2022,0.0
27.11.2022,0.76
28.11.2022,0.0
29.11.2022,0.0
30.11.2022,0.0
1.4.2023,0.25
2.4.2023,0.25
3.4.2023,6.1
4.4.2023,0.51
5.4.2023,0.0
6.4.2023,4.06
7.4.2023,4.06
8.4.2023,0.25
9.4.2023,0.0
10.4.2023,0.25
11.4.2023,8.38
12.4.2023,8.38
13.4.2023,0.0
14.4.2023,0.0
15.4.2023,0.0
16.4.2023,0.0
17.4.2023,8.89
18.4.2023,8.89
19.4.2023,0.51
20.4.2023,2.03
21.4.2023,0.0
22.4.2023,0.0
23.4.2023,0.0
24.4.2023,1.02
25.4.2023,12.19
26.4.2023,7.62
27.4.2023,0.0
28.4.2023,0.0
29.4.2023,0.0
30.4.2023,3.56
1.11.2023,3.05
2.11.2023,0.0
3.11.2023,0.25
4.11.2023,17.53
5.11.2023,0.0
6.11.2023,12.7
7.11.2023,0.0
8.11.2023,8.89
9.11.2023,1.02
10.11.2023,0.0
11.11.2023,2.03
12.11.2023,19.81
13.11.2023,0.0
14.11.2023,1.27
15.11.2023,0.51
16.11.2023,6.86
17.11.2023,2.54
18.11.2023,11.94
19.11.2023,2.54
20.11.2023,2.79
21.11.2023,1.78
22.11.2023,4.32
23.11.2023,0.0
24.11.2023,1.52
25.11.2023,3.56
26.11.2023,3.3
27.11.2023,1.02
28.11.2023,0.0
29.11.2023,1.78
30.11.2023,0.0
1.1.2023,0.0
2.1.2023,0.0
3.1.2023,0.0
4.1.2023,0.0
5.1.2023,0.0
6.1.2023,13.46
7.1.2023,1.52
8.1.2023,0.25
9.1.2023,0.0
10.1.2023,21.84
11.1.2023,13.21
12.1.2023,0.0
13.1.2023,0.0
14.1.2023,0.0
15.1.2023,0.0
16.1.2023,2.29
17.1.2023,0.0
18.1.2023,9.4
19.1.2023,4.83
20.1.2023,15.24
21.1.2023,12.7
22.1.2023,0.76
23.1.2023,0.0
24.1.2023,0.0
25.1.2023,0.0
26.1.2023,0.0
27.1.2023,0.51
28.1.2023,1.78
29.1.2023,3.05
30.1.2023,0.51
31.1.2023,5.33
1.10.2023,0.0
2.10.2023,0.0
3.10.2023,0.0
4.10.2023,0.0
5.10.2023,0.0
6.10.2023,0.0
7.10.2023,0.0
8.10.2023,3.56
9.10.2023,5.33
10.10.2023,3.56
11.10.2023,0.0
12.10.2023,
13.10.2023,5.33
14.10.2023,0.0
15.10.2023,11.68
16.10.2023,1.78
17.10.2023,0.0
18.10.2023,0.0
19.10.2023,0.0
20.10.2023,0.0
21.10.2023,0.0
22.10.2023,13.72
23.10.2023,10.41
24.10.2023,0.0
25.10.2023,8.64
26.10.2023,2.29
27.10.2023,0.0
28.10.2023,27.43
29.10.2023,0.0
30.10.2023,0.0
31.10.2023,14.99
1.3.2023,0.0
2.3.2023,0.0
3.3.2023,0.0
4.3.2023,0.0
5.3.2023,0.0
6.3.2023,0.0
7.3.2023,0.0
8.3.2023,0.0
9.3.2023,0.0
10.3.2023,1.02
11.3.2023,11.18
12.3.2023,1.78
13.3.2023,0.0
14.3.2023,0.0
15.3.2023,1.02
16.3.2023,1.27
17.3.2023,0.0
18.3.2023,0.0
19.3.2023,0.0
20.3.2023,0.0
21.3.2023,0.51
22.3.2023,0.0
23.3.2023,0.0
24.3.2023,0.0
25.3.2023,3.81
26.3.2023,1.52
27.3.2023,0.51
28.3.2023,8.89
29.3.2023,4.32
30.3.2023,0.0
31.3.2023,1.02
1.12.2023,5.33
2.12.2023,5.59
3.12.2023,7.62
4.12.2023,0.0
5.12.2023,0.0
6.12.2023,0.0
7.12.2023,3.3
8.12.2023,2.29
9.12.2023,0.0
10.12.2023,0.0
11.12.2023,0.25
12.12.2023,0.0
13.12.2023,0.25
14.12.2023,0.25
15.12.2023,3.3
16.12.2023,0.0
17.12.2023,0.0
18.12.2023,0.0
19.12.2023,0.0
20.12.2023,0.0
21.12.2023,0.0
22.12.2023,1.52
23.12.2023,1.52
24.12.2023,5.59
25.12.2023,1.78
26.12.2023,39.88
27.12.2023,0.51
28.12.2023,0.0
29.12.2023,0.0
30.12.2023,0.0
31.12.2023,0.0
1.6.2023,0.0
2.6.2023,0.0
3.6.2023,0.0
4.6.2023,0.0
5.6.2023,0.0
6.6.2023,0.0
7.6.2023,2.29
8.6.2023,4.83
9.6.2023,2.29
10.6.2023,11.94
11.6.2023,16.51
12.6.2023,2.79
13.6.2023,0.0
14.6.2023,9.91
15.6.2023,0.0
16.6.2023,0.0
17.6.2023,0.0
18.6.2023,0.0
19.6.2023,0.0
20.6.2023,0.0
21.6.2023,2.03
22.6.2023,10.92
23.6.2023,0.0
24.6.2023,41.66
25.6.2023,13.21
26.6.2023,0.0
27.6.2023,8.38
28.6.2023,12.7
29.6.2023,10.92
30.6.2023,0.0
1.9.2023,0.51
2.9.2023,3.05
3.9.2023,4.06
4.9.2023,24.38
5.9.2023,0.0
6.9.2023,0.0
7.9.2023,0.0
8.9.2023,0.0
9.9.2023,0.0
10.9.2023,0.0
11.9.2023,0.0
12.9.2023,0.0
13.9.2023,0.0
14.9.2023,6.6
15.9.2023,14.48
16.9.2023,0.0
17.9.2023,0.0
18.9.2023,0.0
19.9.2023,1.02
20.9.2023,17.53
21.9.2023,0.0
22.9.2023,0.0
23.9.2023,1.78
24.9.2023,37.08
25.9.2023,11.18
26.9.2023,0.0
27.9.2023,0.0
28.9.2023,0.0
29.9.2023,0.0
30.9.2023,
1.7.2023,0.0
2.7.2023,0.0
3.7.2023,0.0
4.7.2023,0.0
5.7.2023,0.0
6.7.2023,21.59
7.7.2023,2.79
8.7.2023,0.0
9.7.2023,0.0
10.7.2023,0.51
11.7.2023,5.08
12.7.2023,0.0
13.7.2023,4.32
14.7.2023,37.08
15.7.2023,0.0
16.7.2023,0.0
17.7.2023,27.94
18.7.2023,0.0
19.7.2023,1.78
20.7.2023,4.06
21.7.2023,0.0
22.7.2023,1.02
23.7.2023,0.51
24.7.2023,0.0
25.7.2023,11.68
26.7.2023,8.13
27.7.2023,39.62
28.7.2023,0.76
29.7.2023,1.52
30.7.2023,2.29
31.7.2023,2.79
1.2.2023,3.3
2.2.2023,4.32
3.2.2023,2.79
4.2.2023,11.43
5.2.2023,5.33
6.2.2023,0.0
7.2.2023,0.0
8.2.2023,0.25
9.2.2023,0.0
10.2.2023,0.0
11.2.2023,0.0
12.2.2023,2.03
13.2.2023,0.51
14.2.2023,0.0
15.2.2023,0.0
16.2.2023,0.0
17.2.2023,0.76
18.2.2023,3.05
19.2.2023,6.1
20.2.2023,9.65
21.2.2023,0.0
22.2.2023,2.54
23.2.2023,0.0
24.2.2023,0.0
25.2.2023,3.81
26.2.2023,4.57
27.2.2023,1.27
28.2.2023,0.0
1.8.2023,0.0
2.8.2023,8.13
3.8.2023,0.0
4.8.2023,4.06
5.8.2023,28.19
6.8.2023,28.96
7.8.2023,20.07
8.8.2023,1.52
9.8.2023,0.0
10.8.2023,5.33
11.8.2023,0.0
12.8.2023,0.0
13.8.2023,0.0
14.8.2023,0.0
15.8.2023,0.0
16.8.2023,0.0
17.8.2023,0.51
18.8.2023,5.59
19.8.2023,0.0
20.8.2023,13.21
21.8.2023,0.0
22.8.2023,27.18
23.8.2023,12.7
24.8.2023,0.0
25.8.2023,0.0
26.8.2023,5.08
27.8.2023,14.99
28.8.2023,0.0
29.8.2023,0.0
30.8.2023,2.79
31.8.2023,13.21
1.5.2023,3.81
2.5.2023,0.0
3.5.2023,9.65
4.5.2023,14.22
5.5.2023,0.0
6.5.2023,0.51
7.5.2023,2.54
8.5.2023,0.76
9.5.2023,0.0
10.5.2023,0.0
11.5.2023,0.0
12.5.2023,0.0
13.5.2023,0.0
14.5.2023,0.0
15.5.2023,8.38
16.5.2023,0.25
17.5.2023,16.51
18.5.2023,22.35
19.5.2023,4.32
20.5.2023,2.54
21.5.2023,0.0
22.5.2023,0.0
23.5.2023,0.0
24.5.2023,0.76
25.5.2023,26.42
26.5.2023,0.0
27.5.2023,0.0
28.5.2023,0.0
29.5.2023,0.0
30.5.2023,5.08
31.5.2023,0.0
1.9.2024,3.05
2.9.2024,5.08
3.9.2024,0.0
4.9.2024,0.0
5.9.2024,0.0
6.9.2024,0.0
7.9.2024,0.0
8.9.2024,0.0
9.9.2024,3.05
10.9.2024,22.35
11.9.2024,7.87
12.9.2024,0.0
13.9.2024,0.25
14.9.2024,7.11
15.9.2024,27.94
16.9.2024,19.05
17.9.2024,10.67
18.9.2024,0.0
19.9.2024,2.79
20.9.2024,0.0
21.9.2024,0.0
22.9.2024,0.0
23.9.2024,0.0
24.9.2024,5.08
25.9.2024,12.19
26.9.2024,0.76
27.9.2024,0.0
28.9.2024,3.56
29.9.2024,4.32
30.9.2024,0.51
1.3.2024,0.0
2.3.2024,0.0
3.3.2024,1.27
4.3.2024,0.0
5.3.2024,0.0
6.3.2024,3.81
7.3.2024,5.84
8.3.2024,1.02
9.3.2024,0.0
10.3.2024,0.25
11.3.2024,1.27
12.3.2024,9.14
13.3.2024,10.92
14.3.2024,0.0
15.3.2024,0.0
16.3.2024,2.03
17.3.2024,13.72
18.3.2024,0.51
19.3.2024,0.0
20.3.2024,0.0
21.3.2024,0.0
22.3.2024,0.51
23.3.2024,0.0
24.3.2024,12.45
25.3.2024,0.0
26.3.2024,0.51
27.3.2024,0.0
1.1.2024,0.0
2.1.2024,13.46
3.1.2024,0.0
4.1.2024,0.76
5.1.2024,1.52
6.1.2024,0.0
7.1.2024,7.62
8.1.2024,5.08
9.1.2024,0.0
10.1.2024,0.0
11.1.2024,0.0
12.1.2024,1.27
13.1.2024,0.0
14.1.2024,0.0
15.1.2024,0.0
16.1.2024,0.0
17.1.2024,0.25
18.1.2024,0.0
19.1.2024,5.59
20.1.2024,0.0
21.1.2024,0.0
22.1.2024,0.0
23.1.2024,1.52
24.1.2024,0.0
25.1.2024,4.32
26.1.2024,5.59
27.1.2024,6.1
28.1.2024,9.65
29.1.2024,0.25
30.1.2024,0.0
31.1.2024,0.25
2.5.2024,0.0
3.5.2024,0.0
4.5.2024,0.0
5.5.2024,0.0
6.5.2024,0.0
7.5.2024,4.32
8.5.2024,14.99
9.5.2024,0.0
10.5.2024,0.0
11.5.2024,5.08
12.5.2024,1.02
13.5.2024,0.0
14.5.2024,0.0
15.5.2024,0.0
16.5.2024,0.0
17.5.2024,0.0
18.5.2024,0.25
19.5.2024,2.03
20.5.2024,11.94
21.5.2024,0.25
22.5.2024,8.89
23.5.2024,14.22
24.5.2024,4.83
25.5.2024,2.79
26.5.2024,0.0
27.5.2024,1.27
28.5.2024,5.08
29.5.2024,0.25
30.5.2024,2.79
31.5.2024,0.0
1.10.2024,0.0
2.10.2024,0.76
3.10.2024,2.79
4.10.2024,10.41
5.10.2024,5.08
6.10.2024,2.54
7.10.2024,0.76
8.10.2024,0.0
9.10.2024,0.25
10.10.2024,0.0
11.10.2024,23.88
12.10.2024,3.05
13.10.2024,0.0
14.10.2024,0.0
15.10.2024,1.27
16.10.2024,0.0
17.10.2024,0.0
18.10.2024,0.0
19.10.2024,0.0
20.10.2024,0.0
21.10.2024,0.0
22.10.2024,0.0
23.10.2024,0.51
24.10.2024,0.25
25.10.2024,0.0
1.2.2024,0.25
2.2.2024,0.25
3.2.2024,0.0
4.2.2024,2.79
5.2.2024,19.81
6.2.2024,2.54
7.2.2024,0.0
8.2.2024,3.05
9.2.2024,1.02
10.2.2024,0.0
11.2.2024,1.78
12.2.2024,1.02
13.2.2024,1.52
14.2.2024,0.51
15.2.2024,0.0
16.2.2024,0.0
17.2.2024,0.0
18.2.2024,3.81
19.2.2024,0.0
20.2.2024,0.51
21.2.2024,6.35
22.2.2024,0.0
23.2.2024,0.0
24.2.2024,2.03
25.2.2024,0.25
26.2.2024,0.0
27.2.2024,0.51
28.2.2024,0.0
29.2.2024,0.0
1.7.2024,5.08
2.7.2024,28.96
3.7.2024,8.13
4.7.2024,0.0
5.7.2024,0.0
6.7.2024,0.0
7.7.2024,0.0
8.7.2024,39.12
9.7.2024,3.05
10.7.2024,0.0
11.7.2024,0.0
12.7.2024,9.14
13.7.2024,10.92
14.7.2024,0.25
15.7.2024,3.3
16.7.2024,0.0
17.7.2024,6.35
18.7.2024,2.54
19.7.2024,0.0
20.7.2024,0.0
21.7.2024,0.0
22.7.2024,0.0
23.7.2024,6.35
24.7.2024,0.0
25.7.2024,34.04
26.7.2024,0.0
27.7.2024,0.0
28.7.2024,1.02
29.7.2024,0.0
30.7.2024,0.0
31.7.2024,0.0
1.4.2024,0.0
2.4.2024,
3.4.2024,11.43
4.4.2024,0.0
5.4.2024,3.81
6.4.2024,0.0
7.4.2024,1.52
8.4.2024,0.0
9.4.2024,0.0
10.4.2024,2.03
11.4.2024,0.51
12.4.2024,0.0
13.4.2024,0.0
14.4.2024,0.0
15.4.2024,8.89
16.4.2024,2.03
17.4.2024,0.0
18.4.2024,2.03
19.4.2024,3.3
20.4.2024,0.0
21.4.2024,9.91
22.4.2024,2.79
23.4.2024,1.78
24.4.2024,0.0
25.4.2024,16.26
26.4.2024,0.0
27.4.2024,0.0
28.4.2024,0.0
29.4.2024,0.0
30.4.2024,0.0
1.8.2024,0.76
2.8.2024,16.0
3.8.2024,7.87
4.8.2024,0.0
5.8.2024,0.0
6.8.2024,19.05
7.8.2024,0.0
8.8.2024,0.0
9.8.2024,4.83
10.8.2024,0.25
11.8.2024,0.0
13.8.2024,0.0
14.8.2024,0.0
15.8.2024,2.03
16.8.2024,0.0
17.8.2024,20.07
18.8.2024,3.05
19.8.2024,0.25
20.8.2024,8.38
21.8.2024,0.0
22.8.2024,45.47
23.8.2024,0.0
24.8.2024,0.0
25.8.2024,14.99
26.8.2024,14.99
27.8.2024,0.0
28.8.2024,0.0
29.8.2024,0.0
30.8.2024,0.0
31.8.2024,0.0
1.6.2024,5.84
2.6.2024,0.51
3.6.2024,0.0
4.6.2024,15.24
5.6.2024,30.23
6.6.2024,1.02
7.6.2024,3.81
8.6.2024,0.76
9.6.2024,12.7
10.6.2024,2.79
11.6.2024,11.18
12.6.2024,6.1
13.6.2024,4.83
14.6.2024,2.79
15.6.2024,0.0
16.6.2024,8.89
17.6.2024,0.0
18.6.2024,0.0
19.6.2024,0.0
20.6.2024,2.79
21.6.2024,0.0
22.6.2024,0.0
23.6.2024,13.72
24.6.2024,0.0
25.6.2024,0.0
26.6.2024,6.1
27.6.2024,26.92
28.6.2024,30.99
29.6.2024,0.0
30.6.2024,0.0
