Sprzedaż biletów wstępu w roku 2013,,,,,,,,,,,,,,,
,styczeń,luty,marzec,kwiecień,maj,czerwiec,lipiec,sierpień,wrzesień,październik,listopad,grudzień,Razem bilety,,
,,,,,,,,,,,,,normalne,ulgowe,razem
Ł.Polana,9743,13226,4055,11241,42785,53546,139238,173884,86078,40302,12137,13146,374082,225299,599381
Wierch Poroniec,,,,195,1685,2325,4895,7238,3528,,,,10397,9469,19866
Zazadnia,,,,322,2061,2243,8987,10869,4222,,,,16781,11923,28704
Cyrhla,,,,208,1727,1598,5244,7367,2199,,,,10364,7979,18343
Sucha Woda,,,,533,1626,1780,5713,8939,2685,,,,13084,8192,21276
Olczyska,,,,300,1795,1813,6208,8241,2714,,,,12956,8115,21071
Nosal,,,,522,2919,2490,9842,12490,4454,,,,19395,13322,32717
Jaworzynka,2057,3025,2119,3518,14182,15691,49143,60671,28527,13119,3164,2327,126988,70555,197543
Goryczkowa,812,1552,1499,1468,4016,4179,21022,24869,10734,3974,659,667,49222,26229,75451
Kalatówki,3704,5351,2975,6109,12694,12567,38476,44509,24151,11823,3313,3319,100059,68932,168991
Dol.Białego,2034,2952,1234,1474,6649,7028,19125,23677,9688,4416,1419,562,47459,32799,80258
Dol. Strążyska,5204,7568,3263,4448,16272,18038,38432,42894,19539,10508,3732,3816,97962,75752,173714
Mała Łąka,,,568,930,3987,3430,13731,17629,7199,3274,634,581,32565,19398,51963
Staników Źleb,,,,,,107,361,542,,,,,625,385,1010
Kościeliska,12366,17597,7341,13607,46742,53245,103466,118777,53216,28929,8847,8325,279006,193452,472458
Razem,35920,51271,23054,44875,159140,180080,463883,562596,258934,116345,33905,32743,1190945,771801,1962746
Bilety 7 dniowe,94,165,186,482,506,1795,7584,9796,3847,272,79,67,15008,9865,24873
RAZEM,36014,51436,23240,45357,159646,181875,471467,572392,262781,116617,33984,32810,1205953,781666,1987619
Bilety 7 dniowe*6 dni,564,990,1116,2892,3036,10770,45504,58776,23082,1632,474,402,90048,59190,149238
OGÓŁEM,36484,52261,24170,47767,162176,190850,509387,621372,282016,117977,34379,33145,1280993,830991,2111984
Kasprowy Wierch,30709,43029,27394,30170,29576,26444,63658,78180,46193,35816,13405,17791,,,442365
Dolina Chochołowska,9473,5982,3087,17799,20459,14344,40317,52450,22571,10131,2902,3106,130113,72511,202624
Dolina Lejowa,,,,,620,322,2156,3302,907,,,,4213,3094,7307
RAZEM,76666,101272,54651,95736,212831,231960,615518,755304,351687,163924,50686,54042,1415319,906596,2764280
Sprzedaż biletów wstępu w roku 2014,,,,,,,,,,,,,,,
,styczeń,luty,marzec,kwiecień,maj,czerwiec,lipiec,sierpień,wrzesień,październik,listopad,grudzień,Razem bilety,,
,,,,,,,,,,do 19,,,normalne,ulgowe,razem
Ł.Polana,15898,22923,16711,15107,52304,80370,150847,190344,93700,49222,19752,14986,465756,256408,722164
Wierch Poroniec,,,,201,3342,4776,8175,7831,3172,,,,12647,14850,27497
Zazadnia,,,,157,2387,3338,8745,11542,4154,,,,17237,13086,30323
Cyrhla,,,,504,1156,2098,4914,5664,2231,,,,9782,6785,16567
Sucha Woda,,,,489,1424,2087,5189,7858,2563,,,,11759,7851,19610
Olczyska,,,,211,1273,1956,4449,5173,1540,,,,9484,5118,14602
Nosal,,,,548,2624,3909,11319,12412,4459,,,,21440,13831,35271
Jaworzynka,3166,4805,3970,3795,13083,21481,42928,52065,28475,13011,5020,2688,127823,66664,194487
Goryczkowa,930,1516,1293,459,2651,3313,9562,18242,8131,3520,1176,406,34090,17109,51199
Kalatówki,4501,6449,5892,5797,11402,17621,35834,40308,22568,11573,4832,3019,101081,68715,169796
Dol.Białego,2032,3831,1831,2496,6410,8960,18384,19619,9385,4258,1855,1494,48287,32268,80555
Dol. Strążyska,5357,8467,4272,4628,15294,21004,35735,37723,19503,10584,4834,3938,97293,74046,171339
Mała Łąka,826,1490,392,823,2683,5449,11002,13547,6589,2890,1103,582,30085,17291,47376
Staników Źleb,,,,,,271,1115,1358,,,,,1726,1018,2744
Kościeliska,14266,21552,13460,12030,37613,55562,95773,99231,49843,28251,11322,9022,269527,178398,447925
Razem,46976,71033,47821,47245,153646,232195,443971,522917,256313,123309,49894,36135,1258017,773438,2031455
Bilety 7 dniowe,70,214,111,182,316,114,5660,7502,2940,287,55,134,10729,6856,17585
RAZEM,47046,71247,47932,47427,153962,232309,449631,530419,259253,123596,49949,36269,1268746,780294,2049040
Bilety 7 dniowe*6 dni,420,1284,666,1092,1896,684,33960,45012,17640,1722,330,804,64374,41136,105510
OGÓŁEM,47396,72317,48487,48337,155542,232879,477931,567929,273953,125031,50224,36939,1322391,814574,2136965
Kasprowy Wierch,31932,41543,29496,24356,25559,33159,63919,85029,51417,33897,11460,20572,,,452339
Dolina Chochołowska,6388,6545,18757,13060,18502,18051,36784,43889,21345,10665,4902,3645,132924,69609,202533
Dolina Lejowa,,,,,,,,,,,,,,,
RAZEM,85716,120405,96740,85753,199603,284089,578634,696847,346715,169593,66586,61156,1455315,884183,2791837
Sprzedaż biletów wstępu w roku 2015,,,,,,,,,,,,,,,
,styczeń,luty,marzec,kwiecień,maj,czerwiec,lipiec,sierpień,wrzesień,październik,listopad,grudzień,Razem bilety,,
,,,,,,,,,,,,,normalne,ulgowe,razem
Ł.Polana,19243,25752,10108,14406,50161,82437,174982,206924,89382,44738,16367,28486,506715,256271,762986
Wierch Poroniec,,,,1028,5744,9835,16493,17572,7263,,,,27893,30042,57935
Zazadnia,,,,829,2209,4591,12283,13348,4526,2261,,,23612,16435,40047
Cyrhla,,,,75,939,2457,5677,6037,2129,,,,10456,6858,17314
Sucha Woda,,,,335,1536,2565,7070,9429,1824,,,,14920,7839,22759
Olczyska,,,,268,516,1419,4944,7401,1251,,,,9864,5935,15799
Nosal,,,,317,2024,3964,11060,11667,4321,,,,20470,12883,33353
Jaworzynka,3227,4857,3452,3471,9696,21455,48079,63928,26873,13684,3939,3978,139876,66763,206639
Goryczkowa,873,2153,1357,1388,1897,6520,19128,23985,9379,4439,809,884,49360,23452,72812
Kalatówki,5356,7182,3564,6360,8175,17335,36906,45680,22035,11494,3337,4107,104982,66549,171531
Dol.Białego,2575,3160,1418,1659,4840,7992,21405,23236,9342,4448,1826,2327,52453,31775,84228
Dol. Strążyska,6553,8289,3624,4055,13962,22395,42633,45710,20564,11021,4040,5775,109750,78871,188621
Mała Łąka,732,1088,294,638,1902,5984,13385,16429,6146,2489,582,688,32247,18110,50357
Kościeliska,15306,20397,8270,11376,39455,56750,100043,111872,49247,27726,9000,13407,274018,188831,462849
Razem,53865,72878,32087,46205,143056,245699,514088,603218,254282,122300,39900,59652,1376616,810614,2187230
Bilety 7 dniowe,112,144,130,100,286,2065,6192,8238,2934,274,38,136,13055,7594,20649
RAZEM,53977,73022,32217,46305,143342,247764,520280,611456,257216,122574,39938,59788,1389671,818208,2207879
Bilety 7 dniowe*6 dni,672,864,780,600,1716,12390,37152,49428,17604,1644,228,816,78330,45564,123894
OGÓŁEM,54537,73742,32867,46805,144772,258089,551240,652646,271886,123944,40128,60468,1454946,856178,2311124
Kasprowy Wierch,26382,45026,34462,27892,20077,24639,104655,90338,45958,26543,18933,32292,,,497197
Dolina Chochołowska,6599,6082,4695,27320,14866,19932,41204,50076,20966,9904,3521,6101,140875,70391,211266
Dolina Lejowa,,,,,,,,,,,,,,,
RAZEM,87518,124850,72024,102017,179715,302660,697099,793060,338810,160391,62582,98861,1595821,926569,3019587
Mieszkańcy,1729,2463,2726,2988,3923,7159,14921,17538,8686,5557,2143,1709,,,71542
Zwolnieni,376,1260,346,870,1589,3847,10255,9198,4672,1155,337,313,,,34218
Skiturowcy,797,2050,3065,2367,0,0,0,0,0,0,0,0,,,8279
Karta Dużej Rodziny,0,0,205,504,921,3506,16578,19452,2967,1155,462,1268,,,47018
CAŁOŚĆ,90420,130623,78366,108746,186148,317172,738853,839248,355135,168258,65524,102151,,,3180644
Sprzedaż biletów wstępu w roku 2016,,,,,,,,,,,,,,,
,styczeń,luty,marzec,kwiecień,maj,czerwiec,lipiec,sierpień,wrzesień,październik,listopad,grudzień,Razem bilety,,
,,,,,,,,,,,,,normalne,ulgowe,razem
Ł.Polana,23274,36086,17115,23584,77330,82518,165504,222668,123047,40965,15812,22546,568653,281796,850449
Wierch Poroniec,,,,1769,7965,11477,15320,18833,10406,,,,31252,34518,65770
Zazadnia,,,,884,4288,4770,10443,15796,6142,0,,,25363,16960,42323
Cyrhla,,,,413,2071,2258,5194,6939,3137,,,,11543,8469,20012
Sucha Woda,,,,791,2265,2608,6431,10997,3774,,,,17364,9502,26866
Olczyska,,,,718,1887,1750,5852,7980,2963,,,,13760,7390,21150
Nosal,,,,1125,4034,3850,11996,15419,6505,,,,27484,15445,42929
Jaworzynka,3494,5026,4267,5908,16574,21649,46439,63787,40194,10619,3110,3940,153305,71702,225007
Goryczkowa,970,1489,1636,1772,4058,6006,17960,26177,13606,2758,580,1165,53119,25058,78177
Kalatówki,4290,7228,4798,8910,12836,16434,33822,46178,27618,8066,2525,3757,107895,68567,176462
Dol.Białego,2658,4085,1792,2480,8187,9030,18725,23519,11003,4239,1462,2039,55512,33707,89219
Dol. Strążyska,6141,9924,4807,6403,20357,22542,40110,48386,25904,10611,3701,4554,120707,82733,203440
Mała Łąka,663,1144,494,1303,3933,4920,11593,16806,8710,2335,506,567,34882,18092,52974
Kościeliska,15187,22112,10059,17046,57538,61873,97073,125196,62002,26870,9219,11550,306078,209647,515725
Razem,56677,87094,44968,73106,223323,251685,486462,648681,345011,106463,36915,50118,1526917,883586,2410503
Bilety 7 dniowe,89,169,129,164,564,1850,5603,8176,3607,185,26,97,13445,7214,20659
RAZEM,56766,87263,45097,73270,223887,253535,492065,656857,348618,106648,36941,50215,1540362,890800,2431162
Bilety 7 dniowe*6 dni,534,1014,774,984,3384,11100,33618,49056,21642,1110,156,582,80670,43284,123954
OGÓŁEM,57211,88108,45742,74090,226707,262785,520080,697737,366653,107573,37071,50700,1607587,926870,2534457
Kasprowy Wierch,32138,44100,33736,28443,37559,47001,79635,89613,55246,23476,13139,24851,,,508937
Dolina Chochołowska,7535,10392,7486,59710,19284,17702,59023,57965,20096,9134,3947,5889,173389,104774,278163
Dolina Lejowa,,,,,,,,2274,474,158,,,1947,959,2906
RAZEM,96884,142600,86964,162243,283550,327488,658738,847589,442469,140341,54157,81440,1782923,1032603,3324463
Mieszkańcy,1661,1600,6626,3157,7217,7218,8045,13388,8078,2607,1479,1139,,,62215
Zwolnieni,114,194,386,1136,3880,5495,6052,6539,5283,673,551,545,,,30848
Skiturowcy,327,1344,2428,1354,0,0,0,0,0,0,0,1227,,,6680
Karta Dużej Rodziny,794,2287,737,1981,4715,5120,22115,27281,7349,2360,572,625,,,75936
CAŁOŚĆ,99780,148025,97141,169871,299362,345321,694950,894797,463179,145981,56759,84976,,,3500142
Sprzedaż biletów wstępu w roku 2017,,,,,,,,,,,,,,,
,styczeń,luty,marzec,kwiecień,maj,czerwiec,lipiec,sierpień,wrzesień,październik,listopad,grudzień,Razem bilety,,
,,,,,,,,,,,,,normalne,ulgowe,razem
Ł.Polana,30219,42221,19395,26300,70731,111168,212684,230803,104276,50573,18574,26793,638420,305317,943737
Wierch Poroniec,,,,0,7429,15085,17006,17300,6738,,,,28704,34854,63558
Zazadnia,,,,0,4083,5809,13616,14768,5967,0,,,26395,17848,44243
Cyrhla,,,,0,1777,2679,6160,7109,2656,,,,11378,9003,20381
Sucha Woda,,,,409,2162,3455,6796,9101,3016,,,,15957,8982,24939
Olczyska,,,,1142,1895,3142,6871,8398,2656,1050,,,15829,9325,25154
Nosal,,,,1522,3686,4303,12107,13802,4869,1584,,,26350,15523,41873
Jaworzynka,5335,6725,4087,5489,13825,28258,53451,62371,31002,11775,3316,4453,158930,71157,230087
Goryczkowa,1599,2534,1846,1974,3676,8908,24907,28675,10720,2846,365,1602,62338,27314,89652
Kalatówki,7300,8534,5219,12002,11539,21866,40343,43300,22583,9592,4208,5479,122512,69453,191965
Dol.Białego,3408,4295,1692,2636,6924,10975,21194,22535,9757,4402,1449,2223,56126,35364,91490
Dol. Strążyska,8265,10558,4685,6846,21245,26109,45964,49549,22002,10977,4133,5262,128319,87276,215595
Mała Łąka,905,1608,444,1137,3281,6681,14657,16677,7114,2353,495,400,35710,20042,55752
Kościeliska,20912,26440,11660,19848,51592,67567,106542,124848,50071,25711,8054,13969,311816,215398,527214
Razem,77943,102915,49028,79305,203845,316005,582298,649236,283427,120863,40594,60181,1638784,926856,2565640
Bilety 7 dniowe,140,262,197,185,428,2171,6072,7407,2713,247,31,135,13009,6979,19988
RAZEM,78083,103177,49225,79490,204273,318176,588370,656643,286140,121110,40625,60316,1651793,933835,2585628
Bilety 7 dniowe*6 dni,840,1572,1182,1110,2568,13026,36432,44442,16278,1482,186,810,78054,41874,119928
OGÓŁEM,78783,104487,50210,80415,206413,329031,618730,693678,299705,122345,40780,60991,1716838,968730,2685568
Kasprowy Wierch,50128,51154,28942,27509,32635,47495,77341,73497,42436,30458,18697,31441,,,511733
Dolina Chochołowska,10583,13185,13136,11940,16874,22109,46998,51957,23490,10051,3635,7228,156617,74569,231186
Dolina Lejowa,,,,,,,802,1807,388,,,,1880,1117,2997
RAZEM,139494,168826,92288,119864,255922,398635,743871,820939,366019,162854,63112,99660,1875335,1044416,3431484
Mieszkańcy,2186,2048,1926,3167,4912,6482,7216,7176,4173,4048,1544,2384,,,47262
Zwolnieni,269,637,468,416,2785,4003,2766,3150,1552,1578,443,798,,,18865
Skiturowcy,2453,2380,1654,532,0,0,0,0,0,0,69,1874,,,8962
Karta Dużej Rodziny,2031,3587,1033,1577,3312,8546,26735,30102,6420,2124,699,1015,,,87181
CAŁOŚĆ,146433,177478,97369,125556,266931,417666,780588,861367,378164,170604,65867,105731,,,3593754
Sprzedaż biletów wstępu w roku 2018,,,,,,,,,,,,,,,
,styczeń,luty,marzec,kwiecień,maj,czerwiec,lipiec,sierpień,wrzesień,październik,listopad,grudzień,Razem bilety,,
,,,,,,,,,,,,,normalne,ulgowe,razem
Ł.Polana,42918,41496,22543,45253,93898,94776,164953,208218,124532,60360,29248,30420,669039,289576,958615
Wierch Poroniec,,,,5007,11134,11204,17228,28693,10687,,,,47991,35962,83953
Zazadnia,,,,3182,6153,5674,8879,12338,7173,0,,,26396,17003,43399
Cyrhla,,,,797,2937,2976,5984,7093,3468,,,,13048,10207,23255
Sucha Woda,,,,1336,2689,3034,2599,6615,4291,,,,13816,6748,20564
Olczyska,,,,1513,2125,2784,6352,8454,3398,0,,,15532,9094,24626
Nosal,,,,2333,4067,4947,12439,12708,6127,0,,,27125,15496,42621
Jaworzynka,5766,7213,5530,9788,20047,24243,39295,58488,39940,16012,6878,4434,164823,72811,237634
Goryczkowa,2193,2365,2353,2971,6211,6784,17423,23771,13330,4716,1916,1405,60381,25057,85438
Kalatówki,8717,8927,5910,15882,15010,17700,35902,39109,26752,12790,5563,4329,130417,66174,196591
Dol.Białego,4333,5327,2208,4179,9287,10571,19260,23126,11478,5396,2809,2299,61253,39020,100273
Dol. Strążyska,11349,11864,5445,10049,24971,27832,44661,50192,27256,14457,7033,7104,146357,95856,242213
Mała Łąka,1452,1481,844,2398,4867,5519,10538,14502,8749,3485,1394,895,36986,19138,56124
Kościeliska,22582,24163,11229,22149,54684,54874,80170,98501,57991,28169,11260,12735,287244,191263,478507
E-Bilety,,,,,901,832,5819,13009,5483,,,,20925,5119,26044
Razem,99310,102836,56062,126837,258981,273750,471502,604817,350655,145385,66101,63621,1721333,898524,2619857
Bilety 7 dniowe,207,291,183,717,599,2124,9335,6478,3407,410,74,134,12980,10979,23959
RAZEM,99517,103127,56245,127554,259580,275874,480837,611295,354062,145795,66175,63755,1734313,909503,2643816
Bilety 7 dniowe*6 dni,1242,1746,1098,4302,3594,12744,56010,38868,20442,2460,444,804,77880,65874,143754
OGÓŁEM,100552,104582,57160,131139,262575,286494,527512,643685,371097,147845,66545,64425,1799213,964398,2763611
Kasprowy Wierch,49097,45619,39734,33704,36292,45715,75475,82308,55095,38804,15106,27050,,,543999
Dolina Chochołowska,11565,13598,7354,57973,21157,20480,44126,55421,31195,14316,8057,8764,201334,92672,294006
Dolina Lejowa,,,,,,,,,,,,,,,0
RAZEM,161214,163799,104248,222816,320024,352689,647113,781414,457387,200965,89708,100239,2000547,1057070,3601616
Mieszkańcy,2469,2448,3321,5704,5438,3459,5198,6553,6564,4059,2848,2384,,,50445
Zwolnieni,1621,1737,741,1237,3198,4501,2496,1607,1931,937,482,798,,,21286
Skiturowcy,2960,2322,3074,1005,0,0,0,0,0,0,0,1874,,,11235
Karta Dużej Rodziny,3157,3476,1123,3795,6476,8404,22951,30380,7052,4128,1869,2067,,,94878
CAŁOŚĆ,171421,173782,112507,234557,335136,369053,677758,819954,472934,210089,94907,107362,,,3779460
Sprzedaż biletów wstępu w roku 2019,,,,,,,,,,,,,,,
,styczeń,luty,marzec,kwiecień,maj,czerwiec,lipiec,sierpień,wrzesień,październik,listopad,grudzień,Razem bilety,,
,,,,,,,,,,,,,normalne,ulgowe,razem
Ł.Polana,15400,44874,26506,32486,71297,106709,190756,229932,116982,76977,27790,33427,696568,276568,973136
Wierch Poroniec,,,,3063,8798,14886,22939,25383,13342,,,,48120,40291,88411
Zazadnia,,,,1515,3884,6548,10203,13972,6569,0,,,25902,16789,42691
Cyrhla,,,,926,2043,3905,6559,8099,4914,,,,15552,10894,26446
Sucha Woda,,,,687,1823,3496,5988,8863,3786,,,,16719,7924,24643
Olczyska,,,,1157,1949,3590,6635,9015,3676,0,,,16263,9759,26022
Nosal,,,,1618,4394,5239,14278,18585,4546,0,,,31858,16802,48660
Jaworzynka,3410,8199,7793,5840,12591,26030,34839,61350,36780,19616,4260,4037,157847,66898,224745
Goryczkowa,1119,3380,3664,1909,2844,7632,18640,23827,11401,6325,1255,1628,60502,23122,83624
Kalatówki,6383,11672,6842,9445,10400,16214,28904,33089,17300,13257,3788,4798,106584,55508,162092
Dol.Białego,2371,5384,2036,2659,6577,10663,19480,22475,10387,9445,2125,2549,61142,35009,96151
Dol. Strążyska,6809,13234,6262,8671,23002,32396,48946,58593,26390,4162,4211,6800,147704,91772,239476
Mała Łąka,752,2096,1061,1312,3549,6894,11832,15441,11850,5078,969,911,37624,24121,61745
Kościeliska,14083,27248,14549,18543,53482,55498,101412,114925,57995,35064,11215,15915,324664,195265,519929
E-bilety,345,867,797,1439,1806,1943,3662,6132,2559,1337,384,422,,,21693
Razem,50672,116954,69510,91270,208439,301643,525073,649681,328477,171261,55997,70487,1747049,870722,2639464
Bilety 7 dniowe,118,254,199,326,355,217,5628,6648,2799,344,79,129,11369,5727,17096
RAZEM,50790,117208,69709,91596,208794,301860,530701,656329,331276,171605,56076,70616,1758418,876449,2656560
Bilety 7 dniowe*6 dni,708,1524,1194,1956,2130,1302,33768,39888,16794,2064,474,774,68214,34362,102576
OGÓŁEM,51380,118478,70704,93226,210569,302945,558841,689569,345271,173325,56471,71261,1815263,905084,2742040
Kasprowy Wierch,38911,54561,42015,35744,29145,56882,80506,82634,34988,0,7619,31166,,,494171
Dolina Chochołowska,11565,19050,18237,38726,19943,25635,45829,59301,32161,18706,7340,11236,216499,91230,307729
Dolina Lejowa,,,,,,,,,,,,,,,0
RAZEM,101856,192089,130956,167696,259657,385462,685176,831504,412420,192031,71430,113663,2031762,996314,3543940
Mieszkańcy,2056,3202,3511,3179,3019,6012,7351,6757,6577,6109,1720,1670,,,51163
Zwolnieni,403,1017,623,624,1716,2963,4484,3719,3123,610,401,380,,,20063
Skiturowcy,1590,2653,4726,591,0,0,0,0,0,0,0,985,,,10545
Karta Dużej Rodziny,2380,4970,1263,3406,6047,13542,35188,40066,10153,5906,1472,1657,,,126050
CAŁOŚĆ,108285,203931,141079,175496,270439,407979,732199,882046,432273,204656,75023,118355,,,3751761
Sprzedaż biletów wstępu w roku 2020,,,,,,,,,,,,,,,
,styczeń,luty,do 12 marca,kwiecień,maj,czerwiec,lipiec,sierpień,wrzesień,październik,listopad,grudzień,Razem bilety,,
,,,,,,,,,,,,,normalne,ulgowe,razem
Ł.Polana,55105,61146,13326,0,22643,60211,132739,148011,101550,33824,24312,27003,508070,171800,679870
Wierch Poroniec,,,,0,2903,7424,19901,20858,12863,4685,2960,,45775,25819,71594
Zazadnia,,,,0,1971,6060,12272,14166,8874,2434,1217,,32169,14825,46994
Cyrhla,,,,0,770,2711,7324,8802,4712,,,,16227,8092,24319
Sucha Woda,,,,0,1077,3037,7970,9658,5613,,,,20309,7046,27355
Olczyska,,,,0,931,2933,7929,8954,4451,,,,16525,8673,25198
Nosal,,,,0,1712,6034,17793,20138,11506,,,,39867,17316,57183
Jaworzynka,8191,8963,2591,0,6582,19659,48369,56906,42127,11293,8832,6009,163130,56392,219522
Goryczkowa,3266,3682,1305,0,1474,5770,18261,19167,14779,3587,3161,2511,57024,19939,76963
Kalatówki,10241,12350,3092,0,3183,10328,24595,25877,20938,6548,4301,3486,87456,37483,124939
Dol.Białego,5949,6111,1060,586,2867,8142,18681,21152,12872,4168,2395,2575,59451,27107,86558
Dol. Strążyska,13676,14024,2429,898,6431,20309,47196,49871,32614,11177,6738,6612,147546,64429,211975
Mała Łąka,1965,1812,206,0,2021,5746,13666,15875,10599,2895,2377,1596,42338,16420,58758
Kościeliska,36358,39503,5892,0,11442,38867,91360,96378,62215,20866,13076,13183,301122,128018,429140
E-bilety,848,1112,0,9,14152,18185,46243,68098,46114,12744,10982,7136,166241,59382,225623
Razem,135599,148703,29901,1493,80159,215416,514299,583911,391827,114221,80351,70111,1703250,662741,2365991
Bilety 7 dniowe,220,297,101,0,220,198,5365,6250,3584,381,85,154,11345,5510,16855
RAZEM,135819,149000,30002,1493,80379,215614,519664,590161,395411,114602,80436,70265,1714595,668251,2382846
Bilety 7 dniowe*6 dni,1320,1782,606,0,1320,1188,32190,37500,21504,2286,510,924,68070,33060,101130
OGÓŁEM,136919,150485,30507,1493,81479,216604,546489,621411,413331,116507,80861,71035,1771320,695801,2467121
Kasprowy Wierch,55695,47777,12410,0,9134,25231,54730,47168,41719,16662,11372,11966,333864,,333864
Dolina Chochołowska,23647,22752,3943,0,9671,21990,47499,53142,34527,9885,8660,7692,180086,63322,243408
Dolina Lejowa,,,,,,,2850,4582,2289,327,,,6300,3748,10048
RAZEM,216261,221014,46860,1493,100284,263825,651568,726303,491866,143381,100893,90693,2291570,762871,3054441
Mieszkańcy,2326,2655,1011,,9607,7234,10111,11093,9117,4449,9557,4759,,,71919
Zwolnieni,479,492,289,0,353,1809,3903,4119,3086,1429,881,157,,,16997
Skiturowcy,4055,3699,1248,0,0,0,0,0,0,0,0,0,,,9002
Karta Dużej Rodziny,5859,5764,770,0,3581,12889,41280,46490,19255,6314,4226,3108,,,149536
CAŁOŚĆ,228980,233624,50178,1493,113825,285757,706862,788005,523324,155573,115557,98717,,,3301895
Sprzedaż biletów wstępu w roku 2021,,,,,,,,,,,,,,,
,styczeń,luty,marzec,kwiecień,maj,czerwiec,lipiec,sierpień,wrzesień,październik,listopad,grudzień,Razem bilety,,
,,,,,,,,,,,,,normalne,ulgowe,razem
Ł.Polana,40106,44264,21243,12101,42365,85257,206809,170068,115590,75712,34070,26497,595454,278628,874082
Wierch Poroniec,,,,2864,8333,16981,27525,29387,19773,16829,7844,4782,81247,53071,134318
Zazadnia,,,,1419,3853,8851,11609,14122,8044,5590,1858,,35911,19435,55346
Cyrhla,,,,714,2253,5675,10221,9338,5530,,,,21487,12244,33731
Sucha Woda,,,,976,1956,5508,9442,11377,7982,4414,,,30546,11109,41655
Olczyska,,,,769,2456,4807,8858,9909,4752,,,,19496,12055,31551
Nosal,,,,1200,5225,10604,23231,27316,14603,,,,56226,25953,82179
Jaworzynka,10884,13939,11383,4418,11451,30659,53438,57206,44498,26469,9204,6911,203937,76523,280460
Goryczkowa,6616,8283,6294,4290,3514,7810,18562,20127,14248,7857,2824,2425,77044,25806,102850
Kalatówki,10561,10651,6661,4596,9034,13631,26358,29541,21912,14013,5794,5210,109387,48575,157962
Dol.Białego,4664,6149,3386,1674,5786,13595,26714,29328,17366,10759,5298,3553,84317,43955,128272
Dol. Strążyska,13459,16941,9015,5074,17375,32947,57583,56421,34076,13603,10465,8448,185091,90316,275407
Mała Łąka,3086,3463,2187,1464,3785,8591,11994,14516,11730,6685,2920,1559,50734,21246,71980
Kościeliska,25630,31002,15741,9219,27669,56009,99436,106867,71591,48250,22362,15844,353875,175745,529620
E-bilety,12588,12001,7961,5013,16284,44773,82983,141066,74241,36338,19875,9337,462460,,462460
Razem,127594,146693,83871,55791,161339,345698,674763,726589,465936,266519,122514,84566,2367212,894661,3261873
Bilety 7 dniowe,150,312,196,104,673,2610,5696,6967,3999,453,69,166,13757,7638,21395
RAZEM,127744,147005,84067,55895,162012,348308,680459,733556,469935,266972,122583,84732,2380969,902299,3283268
Bilety 7 dniowe*6 dni,900,1872,1176,624,4038,15660,34176,41802,23994,2718,414,996,82542,45828,128370
OGÓŁEM,128494,148565,85047,56415,165377,361358,708939,768391,489930,269237,122928,85562,2449754,940489,3390243
Kasprowy Wierch,15870,33969,21815,6060,25117,48154,78187,91706,67741,24665,22101,28056,463441,,463441
Dolina Chochołowska,18855,21228,13028,16527,33677,34788,50424,58443,43243,26218,11551,11399,246110,93271,339381
Dolina Lejowa,,,,,,1991,2704,3102,1389,279,,,6181,3284,9465
RAZEM,163219,203762,119890,79002,224171,446291,840254,921642,602303,320399,156580,125017,3165486,1037044,4202530
Mieszkańcy,10723,8275,7979,8851,7322,8308,8265,8915,9135,8746,4327,3947,,,94793
Zwolnieni,653,325,1056,1275,1922,3632,5686,4818,3317,2604,1495,774,,,27557
Skiturowcy,9045,11075,11848,7717,1238,0,0,0,0,0,0,2428,,,43351
Karta Dużej Rodziny,8881,6962,4222,3747,10315,25884,53972,65920,26532,15163,6717,3479,,,231794
CAŁOŚĆ,192521,230399,144995,100592,244968,484115,908177,1001295,641287,346912,169119,135645,,,4600025
Sprzedaż biletów wstępu w roku 2022,,,,,,,,,,,,,,,
,styczeń,luty,marzec,kwiecień,maj,czerwiec,lipiec,sierpień,wrzesień,październik,listopad,grudzień,Razem bilety,,
,,,,,,,,,,,,,normalne,ulgowe,razem
Ł.Polana,40533,19096,21037,22284,57654,96167,147119,165463,77499,67533,29379,29706,557810,215660,773470
Wierch Poroniec,9769,13456,5746,3875,13972,22241,22506,28299,14497,15252,6105,4732,91986,68464,160450
Zazadnia,,,,1747,3513,3431,8062,8397,5404,5093,1870,,24217,13300,37517
Cyrhla,,,,1151,3166,5901,9002,10338,4737,3840,,,22733,15402,38135
Sucha Woda,,,,1657,3467,5741,8768,11211,5664,4320,1911,435,30563,12611,43174
Olczyska,,,,1273,3138,4536,7990,8884,3862,3354,,,21102,11935,33037
Nosal,,,,2056,6060,9945,20857,25456,11575,8175,,,58791,25333,84124
Jaworzynka,10110,10993,11578,7494,17538,31374,46662,56020,30408,23777,9575,7333,193271,69591,262862
Goryczkowa,3924,4074,4859,2320,2984,10116,14729,18097,7550,6508,2527,2058,59966,19780,79746
Kalatówki,9585,11910,7917,7315,10975,16015,21238,24659,14575,13411,5864,4682,99901,48245,148146
Dol.Białego,7260,10258,3301,3443,9525,15751,24569,27588,11960,11587,5051,4284,88217,46360,134577
Dol. Strążyska,17340,22919,8740,8993,22437,33093,53270,56704,26524,24105,11123,10329,190258,105319,295577
Mała Łąka,3300,3953,1805,1438,4684,5532,12724,15421,6805,6725,2941,1883,46330,20881,67211
Kościeliska,32289,43604,17287,16216,48566,85129,84932,92404,51509,44518,18852,15361,351549,199118,550667
E-bilety,21381,14462,12795,15162,28751,56078,90135,128974,54690,48621,26689,12792,510530,,510530
Razem,155491,154725,95065,96424,236430,401050,572563,677915,327259,286819,121887,93595,2347224,871999,3219223
Bilety 7 dniowe,187,270,164,223,691,2491,5020,5190,2479,666,98,474,12058,5895,17953
RAZEM,155678,154995,95229,96647,237121,403541,577583,683105,329738,287485,121985,94069,2359282,877894,3237176
Bilety 7 dniowe*6 dni,1122,1620,984,1338,4146,14946,30120,31140,14874,3996,588,2844,72348,35370,107718
OGÓŁEM,156613,156345,96049,97762,240576,415996,602683,709055,342133,290815,122475,96439,2419572,907369,3326941
Kasprowy Wierch,36223,36223,47286,28370,23288,66630,86023,93885,48341,33062,14308,35763,549402,,549402
Dolina Chochołowska,20438,23876,14549,28993,30899,29099,42284,48937,26803,23455,10788,9874,221045,88950,309995
Dolina Lejowa,,,,,,1331,1671,2078,614,,,,3411,2283,5694
RAZEM,213274,216444,157884,155125,294763,513056,732661,853955,417891,347332,147571,142076,3193430,998602,4192032
Mieszkańcy,3954,4203,8355,7008,9098,9562,9166,9824,6318,11224,4388,2793,,,85893
Zwolnieni,2005,2037,1980,2037,3811,5322,8051,7118,3697,3209,1474,1024,,,41765
Skiturowcy,2903,5281,10592,3476,0,0,0,0,0,0,0,557,,,22809
Karta Dużej Rodziny,8724,10792,5091,5468,13798,26035,47560,67143,22819,18891,6624,4571,,,237516
CAŁOŚĆ,230860,238757,183902,173114,321470,553975,797438,938040,450725,380656,160057,151021,,,4580015
